ticker,sector,model,fold,test_start,test_end,rmse,mae,dir_acc,up_rate
MSFT,tech,zero,0,2016-01-05,2016-04-05,0.01806269584359451,0.014046990823531112,,0.5079365079365079
MSFT,tech,train_mean,0,2016-01-05,2016-04-05,0.018088835332492118,0.014030848333770675,0.5079365079365079,0.5079365079365079
MSFT,tech,last_return,0,2016-01-05,2016-04-05,0.0261574652492381,0.02141360312129146,0.42857142857142855,0.5079365079365079
MSFT,tech,rolling_mean_20,0,2016-01-05,2016-04-05,0.018486288403809992,0.014164702772455566,0.5555555555555556,0.5079365079365079
MSFT,tech,arima_101,0,2016-01-05,2016-04-05,0.018127736647887097,0.014088530552144563,0.5238095238095238,0.5079365079365079
MSFT,tech,lstm,0,2016-01-05,2016-04-05,0.018032090771191233,0.014011232787050468,0.5238095238095238,0.5079365079365079
MSFT,tech,zero,1,2016-04-06,2016-07-05,0.016013230261923934,0.011014350565388237,,0.47619047619047616
MSFT,tech,train_mean,1,2016-04-06,2016-07-05,0.016094137035316057,0.01111833698066424,0.47619047619047616,0.47619047619047616
MSFT,tech,last_return,1,2016-04-06,2016-07-05,0.02363128384066765,0.017645390751742436,0.4444444444444444,0.47619047619047616
MSFT,tech,rolling_mean_20,1,2016-04-06,2016-07-05,0.016593196812521766,0.011776362318078328,0.4444444444444444,0.47619047619047616
MSFT,tech,arima_101,1,2016-04-06,2016-07-05,0.016155675843601836,0.011225779510399558,0.47619047619047616,0.47619047619047616
MSFT,tech,lstm,1,2016-04-06,2016-07-05,0.016204054815686455,0.011670078379391883,0.47619047619047616,0.47619047619047616
MSFT,tech,zero,2,2016-07-06,2016-10-03,0.010019948514852765,0.006290189033227489,,0.6190476190476191
MSFT,tech,train_mean,2,2016-07-06,2016-10-03,0.009896079876921145,0.00613904328042646,0.6190476190476191,0.6190476190476191
MSFT,tech,last_return,2,2016-07-06,2016-10-03,0.015537428375016041,0.010216263803306092,0.4426229508196721,0.6190476190476191
MSFT,tech,rolling_mean_20,2,2016-07-06,2016-10-03,0.010130400261198803,0.006477881280950618,0.5714285714285714,0.6190476190476191
MSFT,tech,arima_101,2,2016-07-06,2016-10-03,0.009953629778894241,0.006161606566042643,0.6190476190476191,0.6190476190476191
MSFT,tech,lstm,2,2016-07-06,2016-10-03,0.010067102904396103,0.006314210997002171,0.5396825396825397,0.6190476190476191
MSFT,tech,zero,3,2016-10-04,2017-01-03,0.011501140884331872,0.00817291833347351,,0.47619047619047616
MSFT,tech,train_mean,3,2016-10-04,2017-01-03,0.011421610637983198,0.00825079590651478,0.47619047619047616,0.47619047619047616
MSFT,tech,last_return,3,2016-10-04,2017-01-03,0.01621829441901147,0.012486618659301436,0.46774193548387094,0.47619047619047616
MSFT,tech,rolling_mean_20,3,2016-10-04,2017-01-03,0.011759422654523675,0.008777754731231087,0.42857142857142855,0.47619047619047616
MSFT,tech,arima_101,3,2016-10-04,2017-01-03,0.011424802516783685,0.008277100283707563,0.47619047619047616,0.47619047619047616
MSFT,tech,lstm,3,2016-10-04,2017-01-03,0.011349474621158838,0.008209980868685495,0.49206349206349204,0.47619047619047616
MSFT,tech,zero,4,2017-01-04,2017-04-04,0.00685146302823557,0.0050549904691933765,,0.5079365079365079
MSFT,tech,train_mean,4,2017-01-04,2017-04-04,0.00679545461816011,0.005059736491177018,0.5079365079365079,0.5079365079365079
MSFT,tech,last_return,4,2017-01-04,2017-04-04,0.01033511585680006,0.00783163345698807,0.4426229508196721,0.5079365079365079
MSFT,tech,rolling_mean_20,4,2017-01-04,2017-04-04,0.00706571154214545,0.005320512973772627,0.42857142857142855,0.5079365079365079
MSFT,tech,arima_101,4,2017-01-04,2017-04-04,0.006784409141733485,0.005051505742457269,0.5079365079365079,0.5079365079365079
MSFT,tech,lstm,4,2017-01-04,2017-04-04,0.006706498709206359,0.005048811795205145,0.5396825396825397,0.5079365079365079
MSFT,tech,zero,5,2017-04-05,2017-07-05,0.009761958931554444,0.0073486886466384805,,0.5238095238095238
MSFT,tech,train_mean,5,2017-04-05,2017-07-05,0.009722312863791924,0.007310892350477062,0.5238095238095238,0.5238095238095238
MSFT,tech,last_return,5,2017-04-05,2017-07-05,0.014393566896881085,0.01105456950480168,0.4603174603174603,0.5238095238095238
MSFT,tech,rolling_mean_20,5,2017-04-05,2017-07-05,0.009979168762300258,0.00749910581541907,0.5079365079365079,0.5238095238095238
MSFT,tech,arima_101,5,2017-04-05,2017-07-05,0.009701539004768122,0.007298470915011026,0.5238095238095238,0.5238095238095238
MSFT,tech,lstm,5,2017-04-05,2017-07-05,0.009723218260185242,0.0072923195268455344,0.5396825396825397,0.5238095238095238
MSFT,tech,zero,6,2017-07-06,2017-10-03,0.008037425825739353,0.006458247170404398,,0.5238095238095238
MSFT,tech,train_mean,6,2017-07-06,2017-10-03,0.007948699613810867,0.006504794569569534,0.5238095238095238,0.5238095238095238
MSFT,tech,last_return,6,2017-07-06,2017-10-03,0.011646035235443138,0.009869291511143973,0.46774193548387094,0.5238095238095238
MSFT,tech,rolling_mean_20,6,2017-07-06,2017-10-03,0.008401494466796097,0.006898417036223068,0.42857142857142855,0.5238095238095238
MSFT,tech,arima_101,6,2017-07-06,2017-10-03,0.007948755272064692,0.006504686316743181,0.5238095238095238,0.5238095238095238
MSFT,tech,lstm,6,2017-07-06,2017-10-03,0.00793996532717786,0.006523406316546046,0.5079365079365079,0.5238095238095238
MSFT,tech,zero,7,2017-10-04,2018-01-03,0.011920165004587965,0.0068335747356848085,,0.6507936507936508
MSFT,tech,train_mean,7,2017-10-04,2018-01-03,0.011762000625282352,0.0066885154191453555,0.6507936507936508,0.6507936507936508
MSFT,tech,last_return,7,2017-10-04,2018-01-03,0.017217676098722174,0.011150668067018605,0.47540983606557374,0.6507936507936508
MSFT,tech,rolling_mean_20,7,2017-10-04,2018-01-03,0.011996492872814894,0.007444044209568284,0.6190476190476191,0.6507936507936508
MSFT,tech,arima_101,7,2017-10-04,2018-01-03,0.011762141674435678,0.006688600843786529,0.6507936507936508,0.6507936507936508
MSFT,tech,lstm,7,2017-10-04,2018-01-03,0.01178290046563238,0.00667220228677177,0.6507936507936508,0.6507936507936508
MSFT,tech,zero,8,2018-01-04,2018-04-05,0.020542464482538457,0.014760272256589869,,0.5555555555555556
MSFT,tech,train_mean,8,2018-01-04,2018-04-05,0.020510931807224495,0.014662921711295584,0.5555555555555556,0.5555555555555556
MSFT,tech,last_return,8,2018-01-04,2018-04-05,0.032498128365051546,0.02236580635986025,0.49206349206349204,0.5555555555555556
MSFT,tech,rolling_mean_20,8,2018-01-04,2018-04-05,0.021083315726337128,0.01517217356145546,0.4603174603174603,0.5555555555555556
MSFT,tech,arima_101,8,2018-01-04,2018-04-05,0.020510936619205156,0.01466296172929312,0.5555555555555556,0.5555555555555556
MSFT,tech,lstm,8,2018-01-04,2018-04-05,0.020486706660081243,0.014620052727481538,0.5873015873015873,0.5555555555555556
MSFT,tech,zero,9,2018-04-06,2018-07-05,0.011535303663326845,0.009531654786884225,,0.5555555555555556
MSFT,tech,train_mean,9,2018-04-06,2018-07-05,0.011466330903343763,0.009434825776045644,0.5555555555555556,0.5555555555555556
MSFT,tech,last_return,9,2018-04-06,2018-07-05,0.018047207961932245,0.015464314404286616,0.24193548387096775,0.5555555555555556
MSFT,tech,rolling_mean_20,9,2018-04-06,2018-07-05,0.011830725192874106,0.009579683759220279,0.5238095238095238,0.5555555555555556
MSFT,tech,arima_101,9,2018-04-06,2018-07-05,0.011414025344007222,0.009363334353955245,0.5555555555555556,0.5555555555555556
MSFT,tech,lstm,9,2018-04-06,2018-07-05,0.011440900439317834,0.009510440639971538,0.5714285714285714,0.5555555555555556
MSFT,tech,zero,10,2018-07-06,2018-10-03,0.01068869703577817,0.008443668009741374,,0.6031746031746031
MSFT,tech,train_mean,10,2018-07-06,2018-10-03,0.010511400557597531,0.008264745304807765,0.6031746031746031,0.6031746031746031
MSFT,tech,last_return,10,2018-07-06,2018-10-03,0.014521365722605043,0.011279024523764095,0.5238095238095238,0.6031746031746031
MSFT,tech,rolling_mean_20,10,2018-07-06,2018-10-03,0.01090992594622458,0.008530893460838235,0.5555555555555556,0.6031746031746031
MSFT,tech,arima_101,10,2018-07-06,2018-10-03,0.010522332628665839,0.008256440831698585,0.6031746031746031,0.6031746031746031
MSFT,tech,lstm,10,2018-07-06,2018-10-03,0.010517637649242986,0.008194964397918347,0.6507936507936508,0.6031746031746031
MSFT,tech,zero,11,2018-10-04,2019-01-04,0.02535857923326724,0.01953844439473914,,0.47619047619047616
MSFT,tech,train_mean,11,2018-10-04,2019-01-04,0.02546170510047039,0.019603842004592083,0.47619047619047616,0.47619047619047616
MSFT,tech,last_return,11,2018-10-04,2019-01-04,0.03846379879174911,0.0305920333828702,0.42857142857142855,0.47619047619047616
MSFT,tech,rolling_mean_20,11,2018-10-04,2019-01-04,0.026250377841612427,0.02018881707111138,0.4032258064516129,0.47619047619047616
MSFT,tech,arima_101,11,2018-10-04,2019-01-04,0.025326885409471086,0.019525425972939593,0.49206349206349204,0.47619047619047616
MSFT,tech,lstm,11,2018-10-04,2019-01-04,0.024824828737827733,0.019438416820649316,0.5396825396825397,0.47619047619047616
MSFT,tech,zero,12,2019-01-07,2019-04-05,0.012335109461237618,0.009438117596562594,,0.6190476190476191
MSFT,tech,train_mean,12,2019-01-07,2019-04-05,0.012165168208203176,0.009243651116214339,0.6190476190476191,0.6190476190476191
MSFT,tech,last_return,12,2019-01-07,2019-04-05,0.019539994068738877,0.014186610090544205,0.49206349206349204,0.6190476190476191
MSFT,tech,rolling_mean_20,12,2019-01-07,2019-04-05,0.012446702257396263,0.009452910588563478,0.5873015873015873,0.6190476190476191
MSFT,tech,arima_101,12,2019-01-07,2019-04-05,0.012059680072587,0.009244346798157518,0.6190476190476191,0.6190476190476191
MSFT,tech,lstm,12,2019-01-07,2019-04-05,0.012295930971520855,0.009432240795879576,0.5238095238095238,0.6190476190476191
MSFT,tech,zero,13,2019-04-08,2019-07-08,0.013287085527567659,0.009793060494051736,,0.6190476190476191
MSFT,tech,train_mean,13,2019-04-08,2019-07-08,0.013158040588643286,0.009623575625236047,0.6190476190476191,0.6190476190476191
MSFT,tech,last_return,13,2019-04-08,2019-07-08,0.018274058318480245,0.013570238921135198,0.5396825396825397,0.6190476190476191
MSFT,tech,rolling_mean_20,13,2019-04-08,2019-07-08,0.013539450017579086,0.00982299729300877,0.6190476190476191,0.6190476190476191
MSFT,tech,arima_101,13,2019-04-08,2019-07-08,0.013174680894127187,0.009620026077696563,0.5873015873015873,0.6190476190476191
MSFT,tech,lstm,13,2019-04-08,2019-07-08,0.013201055927457902,0.009565349116554772,0.5396825396825397,0.6190476190476191
MSFT,tech,zero,14,2019-07-09,2019-10-04,0.013466275408419031,0.010831559600692769,,0.5079365079365079
MSFT,tech,train_mean,14,2019-07-09,2019-10-04,0.013494184765537922,0.010839277610091154,0.5079365079365079,0.5079365079365079
MSFT,tech,last_return,14,2019-07-09,2019-10-04,0.020351083437988447,0.016046468813064985,0.5,0.5079365079365079
MSFT,tech,rolling_mean_20,14,2019-07-09,2019-10-04,0.013868752117523508,0.01123877031444522,0.3333333333333333,0.5079365079365079
MSFT,tech,arima_101,14,2019-07-09,2019-10-04,0.013372313547829882,0.010703427819469665,0.5238095238095238,0.5079365079365079
MSFT,tech,lstm,14,2019-07-09,2019-10-04,0.013151429673978978,0.010466313407361818,0.5396825396825397,0.5079365079365079
MSFT,tech,zero,15,2019-10-07,2020-01-06,0.008751653163985398,0.006758787027900677,,0.6190476190476191
MSFT,tech,train_mean,15,2019-10-07,2020-01-06,0.008538381050065724,0.00657054182592521,0.6190476190476191,0.6190476190476191
MSFT,tech,last_return,15,2019-10-07,2020-01-06,0.012812740896518614,0.010062788405010464,0.5483870967741935,0.6190476190476191
MSFT,tech,rolling_mean_20,15,2019-10-07,2020-01-06,0.00866526648152477,0.00685564090499742,0.6190476190476191,0.6190476190476191
MSFT,tech,arima_101,15,2019-10-07,2020-01-06,0.008503877960239818,0.006547098918813195,0.6349206349206349,0.6190476190476191
MSFT,tech,lstm,15,2019-10-07,2020-01-06,0.008513160717650254,0.006573184949487299,0.6666666666666666,0.6190476190476191
MSFT,tech,zero,16,2020-01-07,2020-04-06,0.044520168578338765,0.031284733656571195,,0.5079365079365079
MSFT,tech,train_mean,16,2020-01-07,2020-04-06,0.04451745303435815,0.031267499813840395,0.5079365079365079,0.5079365079365079
MSFT,tech,last_return,16,2020-01-07,2020-04-06,0.07735242102076767,0.051239378310785885,0.3333333333333333,0.5079365079365079
MSFT,tech,rolling_mean_20,16,2020-01-07,2020-04-06,0.04565949200521152,0.03165798488885777,0.5396825396825397,0.5079365079365079
MSFT,tech,arima_101,16,2020-01-07,2020-04-06,0.0436215218961389,0.03062508945207482,0.6666666666666666,0.5079365079365079
MSFT,tech,lstm,16,2020-01-07,2020-04-06,0.043085036097277214,0.030215566786495295,0.5396825396825397,0.5079365079365079
MSFT,tech,zero,17,2020-04-07,2020-07-07,0.01901095492848151,0.014780647838641513,,0.6666666666666666
MSFT,tech,train_mean,17,2020-04-07,2020-07-07,0.01883109849653676,0.014475931112138522,0.6666666666666666,0.6666666666666666
MSFT,tech,last_return,17,2020-04-07,2020-07-07,0.03171061167053783,0.024493373835709528,0.4444444444444444,0.6666666666666666
MSFT,tech,rolling_mean_20,17,2020-04-07,2020-07-07,0.019664500858150875,0.014524032338008822,0.6666666666666666,0.6666666666666666
MSFT,tech,arima_101,17,2020-04-07,2020-07-07,0.018150911670921158,0.013944455286123472,0.6507936507936508,0.6666666666666666
MSFT,tech,lstm,17,2020-04-07,2020-07-07,0.01918151700505067,0.015103329513817484,0.5238095238095238,0.6666666666666666
MSFT,tech,zero,18,2020-07-08,2020-10-05,0.021785388017873913,0.016954084485957217,,0.5238095238095238
MSFT,tech,train_mean,18,2020-07-08,2020-10-05,0.021805573737507116,0.016905287709107236,0.5238095238095238,0.5238095238095238
MSFT,tech,last_return,18,2020-07-08,2020-10-05,0.03378809770310541,0.02634640215062327,0.4126984126984127,0.5238095238095238
MSFT,tech,rolling_mean_20,18,2020-07-08,2020-10-05,0.02245016361187341,0.017348796079125848,0.3968253968253968,0.5238095238095238
MSFT,tech,arima_101,18,2020-07-08,2020-10-05,0.02135430712577109,0.016396928235242275,0.6507936507936508,0.5238095238095238
MSFT,tech,lstm,18,2020-07-08,2020-10-05,0.020522332266610578,0.015709140815124353,0.6666666666666666,0.5238095238095238
MSFT,tech,zero,19,2020-10-06,2021-01-05,0.01615600873771835,0.011620273418537217,,0.5555555555555556
MSFT,tech,train_mean,19,2020-10-06,2021-01-05,0.016153566234314073,0.011604186876132004,0.5555555555555556,0.5555555555555556
MSFT,tech,last_return,19,2020-10-06,2021-01-05,0.023050645384374905,0.01803903177910567,0.4032258064516129,0.5555555555555556
MSFT,tech,rolling_mean_20,19,2020-10-06,2021-01-05,0.016524899475014218,0.01195509080575347,0.5396825396825397,0.5555555555555556
MSFT,tech,arima_101,19,2020-10-06,2021-01-05,0.016409253347981673,0.011742277020231189,0.5238095238095238,0.5555555555555556
MSFT,tech,lstm,19,2020-10-06,2021-01-05,0.015863729746268734,0.011572216808016044,0.49206349206349204,0.5555555555555556
MSFT,tech,zero,20,2021-01-06,2021-04-07,0.016089261232260003,0.012838627353031066,,0.5238095238095238
MSFT,tech,train_mean,20,2021-01-06,2021-04-07,0.0159744688324055,0.012796072790832991,0.5238095238095238,0.5238095238095238
MSFT,tech,last_return,20,2021-01-06,2021-04-07,0.023840914389263765,0.01954248948877191,0.42857142857142855,0.5238095238095238
MSFT,tech,rolling_mean_20,20,2021-01-06,2021-04-07,0.016530649745443018,0.013269125616906527,0.5238095238095238,0.5238095238095238
MSFT,tech,arima_101,20,2021-01-06,2021-04-07,0.015891766394423135,0.01274768338819128,0.5396825396825397,0.5238095238095238
MSFT,tech,lstm,20,2021-01-06,2021-04-07,0.015987141665713533,0.01287691034695227,0.42857142857142855,0.5238095238095238
MSFT,tech,zero,21,2021-04-08,2021-07-07,0.011520829249539236,0.009161473347193843,,0.5555555555555556
MSFT,tech,train_mean,21,2021-04-08,2021-07-07,0.011394389507367136,0.009098378133312228,0.5555555555555556,0.5555555555555556
MSFT,tech,last_return,21,2021-04-08,2021-07-07,0.016546489532307834,0.013688829085681184,0.5238095238095238,0.5555555555555556
MSFT,tech,rolling_mean_20,21,2021-04-08,2021-07-07,0.011736500394065931,0.00935659624265783,0.5714285714285714,0.5555555555555556
MSFT,tech,arima_101,21,2021-04-08,2021-07-07,0.011451468336522252,0.009276867777828903,0.49206349206349204,0.5555555555555556
MSFT,tech,lstm,21,2021-04-08,2021-07-07,0.011542020179498319,0.009210162719003217,0.5238095238095238,0.5555555555555556
MSFT,tech,zero,22,2021-07-08,2021-10-05,0.011033029878432748,0.00806196301256592,,0.47619047619047616
MSFT,tech,train_mean,22,2021-07-08,2021-10-05,0.011039287742630173,0.008163981105441231,0.47619047619047616,0.47619047619047616
MSFT,tech,last_return,22,2021-07-08,2021-10-05,0.014604345471279607,0.011046788759528825,0.5238095238095238,0.47619047619047616
MSFT,tech,rolling_mean_20,22,2021-07-08,2021-10-05,0.011442119728798035,0.008878768535116422,0.4444444444444444,0.47619047619047616
MSFT,tech,arima_101,22,2021-07-08,2021-10-05,0.011383350225056701,0.008605962650918918,0.4126984126984127,0.47619047619047616
MSFT,tech,lstm,22,2021-07-08,2021-10-05,0.010924412668706748,0.008009337670673931,0.5396825396825397,0.47619047619047616
MSFT,tech,zero,23,2021-10-06,2022-01-04,0.013933779834318386,0.010457665970738887,,0.5396825396825397
MSFT,tech,train_mean,23,2021-10-06,2022-01-04,0.013807534056665644,0.010427983166199894,0.5396825396825397,0.5396825396825397
MSFT,tech,last_return,23,2021-10-06,2022-01-04,0.02015717738375304,0.015705418343869616,0.532258064516129,0.5396825396825397
MSFT,tech,rolling_mean_20,23,2021-10-06,2022-01-04,0.014251630011873686,0.010825364583142077,0.4603174603174603,0.5396825396825397
MSFT,tech,arima_101,23,2021-10-06,2022-01-04,0.013853081544165605,0.010548620395186909,0.4603174603174603,0.5396825396825397
MSFT,tech,lstm,23,2021-10-06,2022-01-04,0.013783312033399425,0.01044960420255798,0.5238095238095238,0.5396825396825397
MSFT,tech,zero,24,2022-01-05,2022-04-05,0.02049095503609906,0.016511762444046077,,0.49206349206349204
MSFT,tech,train_mean,24,2022-01-05,2022-04-05,0.020574019923962465,0.016566269159603644,0.49206349206349204,0.49206349206349204
MSFT,tech,last_return,24,2022-01-05,2022-04-05,0.030111015182794038,0.025133650737513637,0.4603174603174603,0.49206349206349204
MSFT,tech,rolling_mean_20,24,2022-01-05,2022-04-05,0.020975761630164243,0.01701254173164194,0.49206349206349204,0.49206349206349204
MSFT,tech,arima_101,24,2022-01-05,2022-04-05,0.02062027599454653,0.01674014618292015,0.5714285714285714,0.49206349206349204
MSFT,tech,lstm,24,2022-01-05,2022-04-05,0.02085213115892205,0.01739390833388931,0.3968253968253968,0.49206349206349204
MSFT,tech,zero,25,2022-04-06,2022-07-07,0.023749720644269872,0.01984507301589035,,0.5079365079365079
MSFT,tech,train_mean,25,2022-04-06,2022-07-07,0.023883732379054633,0.019827323999037562,0.5079365079365079,0.5079365079365079
MSFT,tech,last_return,25,2022-04-06,2022-07-07,0.03541106424075318,0.0295373387625559,0.4444444444444444,0.5079365079365079
MSFT,tech,rolling_mean_20,25,2022-04-06,2022-07-07,0.0246093780142196,0.020734069082017487,0.36507936507936506,0.5079365079365079
MSFT,tech,arima_101,25,2022-04-06,2022-07-07,0.023818337522264355,0.01942868966793498,0.5555555555555556,0.5079365079365079
MSFT,tech,lstm,25,2022-04-06,2022-07-07,0.02383973413831446,0.01959064024336386,0.5555555555555556,0.5079365079365079
MSFT,tech,zero,26,2022-07-08,2022-10-05,0.019202461952128793,0.014126607802725044,,0.3968253968253968
MSFT,tech,train_mean,26,2022-07-08,2022-10-05,0.019291084563002832,0.014342495725237703,0.3968253968253968,0.3968253968253968
MSFT,tech,last_return,26,2022-07-08,2022-10-05,0.026038046004693505,0.019455518044380785,0.6190476190476191,0.3968253968253968
MSFT,tech,rolling_mean_20,26,2022-07-08,2022-10-05,0.019452037601754835,0.014419971023315313,0.5555555555555556,0.3968253968253968
MSFT,tech,arima_101,26,2022-07-08,2022-10-05,0.019791574537537115,0.015384639995544638,0.38095238095238093,0.3968253968253968
MSFT,tech,lstm,26,2022-07-08,2022-10-05,0.019663336848733764,0.014970490527554925,0.3968253968253968,0.3968253968253968
MSFT,tech,zero,27,2022-10-06,2023-01-05,0.025687309868907916,0.018843340477259347,,0.4444444444444444
MSFT,tech,train_mean,27,2022-10-06,2023-01-05,0.0257725190010449,0.0189514122842851,0.4444444444444444,0.4444444444444444
MSFT,tech,last_return,27,2022-10-06,2023-01-05,0.03458605098005444,0.025714700037833434,0.5079365079365079,0.4444444444444444
MSFT,tech,rolling_mean_20,27,2022-10-06,2023-01-05,0.026137203932250438,0.019389619138268557,0.4603174603174603,0.4444444444444444
MSFT,tech,arima_101,27,2022-10-06,2023-01-05,0.026369800668617063,0.019999669015229624,0.4444444444444444,0.4444444444444444
MSFT,tech,lstm,27,2022-10-06,2023-01-05,0.025525658925038237,0.01890977579006597,0.47619047619047616,0.4444444444444444
MSFT,tech,zero,28,2023-01-06,2023-04-06,0.018101369940545828,0.014644088991370558,,0.5396825396825397
MSFT,tech,train_mean,28,2023-01-06,2023-04-06,0.017905806610359044,0.014580556862651724,0.5396825396825397,0.5396825396825397
MSFT,tech,last_return,28,2023-01-06,2023-04-06,0.024290016822596332,0.01944677962541771,0.5714285714285714,0.5396825396825397
MSFT,tech,rolling_mean_20,28,2023-01-06,2023-04-06,0.018951686469227073,0.015941799005859254,0.3968253968253968,0.5396825396825397
MSFT,tech,arima_101,28,2023-01-06,2023-04-06,0.018246706276010088,0.015034015464668489,0.36507936507936506,0.5396825396825397
MSFT,tech,lstm,28,2023-01-06,2023-04-06,0.017817650057772468,0.014234188449975064,0.6031746031746031,0.5396825396825397
MSFT,tech,zero,29,2023-04-10,2023-07-10,0.01640144340776126,0.011999085448753475,,0.5079365079365079
MSFT,tech,train_mean,29,2023-04-10,2023-07-10,0.0163052501424392,0.012022308715937674,0.5079365079365079,0.5079365079365079
MSFT,tech,last_return,29,2023-04-10,2023-07-10,0.0226004661606736,0.01672975733745865,0.5079365079365079,0.5079365079365079
MSFT,tech,rolling_mean_20,29,2023-04-10,2023-07-10,0.01680484864418914,0.012584611360138925,0.49206349206349204,0.5079365079365079
MSFT,tech,arima_101,29,2023-04-10,2023-07-10,0.01647232725744599,0.01205664895717584,0.5396825396825397,0.5079365079365079
MSFT,tech,lstm,29,2023-04-10,2023-07-10,0.016096098496493898,0.011841877372844594,0.5714285714285714,0.5079365079365079
JPM,banks,zero,0,2016-01-05,2016-04-05,0.020675690270321595,0.014450199686575039,,0.42857142857142855
JPM,banks,train_mean,0,2016-01-05,2016-04-05,0.020718468187200335,0.01455202376668389,0.42857142857142855,0.42857142857142855
JPM,banks,last_return,0,2016-01-05,2016-04-05,0.03149994635625114,0.02382829454546983,0.4603174603174603,0.42857142857142855
JPM,banks,rolling_mean_20,0,2016-01-05,2016-04-05,0.021199774054987585,0.014973821312931998,0.5079365079365079,0.42857142857142855
JPM,banks,arima_101,0,2016-01-05,2016-04-05,0.020756549685583214,0.014665512867163463,0.3492063492063492,0.42857142857142855
JPM,banks,lstm,0,2016-01-05,2016-04-05,0.020880662716049953,0.014760626567655998,0.4444444444444444,0.42857142857142855
JPM,banks,zero,1,2016-04-06,2016-07-05,0.01706575268723131,0.01208036751722375,,0.5238095238095238
JPM,banks,train_mean,1,2016-04-06,2016-07-05,0.017059991626891577,0.012059687337026337,0.5238095238095238,0.5238095238095238
JPM,banks,last_return,1,2016-04-06,2016-07-05,0.022749357155568476,0.016626662057978775,0.4032258064516129,0.5238095238095238
JPM,banks,rolling_mean_20,1,2016-04-06,2016-07-05,0.01759172146525208,0.012510198289070532,0.4126984126984127,0.5238095238095238
JPM,banks,arima_101,1,2016-04-06,2016-07-05,0.017108714805187407,0.012054447323114307,0.5079365079365079,0.5238095238095238
JPM,banks,lstm,1,2016-04-06,2016-07-05,0.01703665777493765,0.012060453376222111,0.47619047619047616,0.5238095238095238
JPM,banks,zero,2,2016-07-06,2016-10-03,0.008096370871679267,0.005773450088606949,,0.5238095238095238
JPM,banks,train_mean,2,2016-07-06,2016-10-03,0.008013373203169872,0.005752738587519394,0.5238095238095238,0.5238095238095238
JPM,banks,last_return,2,2016-07-06,2016-10-03,0.012694550460637236,0.009250966283910268,0.41935483870967744,0.5238095238095238
JPM,banks,rolling_mean_20,2,2016-07-06,2016-10-03,0.00845358319327236,0.006272409561771929,0.4126984126984127,0.5238095238095238
JPM,banks,arima_101,2,2016-07-06,2016-10-03,0.008002426756900468,0.005735246414714474,0.5238095238095238,0.5238095238095238
JPM,banks,lstm,2,2016-07-06,2016-10-03,0.008233079668508551,0.005889788112977405,0.3968253968253968,0.5238095238095238
JPM,banks,zero,3,2016-10-04,2017-01-03,0.01278103724934018,0.008346876771733283,,0.6349206349206349
JPM,banks,train_mean,3,2016-10-04,2017-01-03,0.01260976333568605,0.008211155955435263,0.6349206349206349,0.6349206349206349
JPM,banks,last_return,3,2016-10-04,2017-01-03,0.01569064864734002,0.01076805358059483,0.5714285714285714,0.6349206349206349
JPM,banks,rolling_mean_20,3,2016-10-04,2017-01-03,0.012451305897223139,0.008448914512972507,0.5873015873015873,0.6349206349206349
JPM,banks,arima_101,3,2016-10-04,2017-01-03,0.012654428988793567,0.008242183857995638,0.6031746031746031,0.6349206349206349
JPM,banks,lstm,3,2016-10-04,2017-01-03,0.01311896499099878,0.00882236927860602,0.3968253968253968,0.6349206349206349
JPM,banks,zero,4,2017-01-04,2017-04-04,0.011018166190273102,0.007578853936383256,,0.5396825396825397
JPM,banks,train_mean,4,2017-01-04,2017-04-04,0.01103138580539978,0.007556962538480028,0.5396825396825397,0.5396825396825397
JPM,banks,last_return,4,2017-01-04,2017-04-04,0.01636512539044652,0.012070240046135565,0.4603174603174603,0.5396825396825397
JPM,banks,rolling_mean_20,4,2017-01-04,2017-04-04,0.011458765927064662,0.008053849723702954,0.47619047619047616,0.5396825396825397
JPM,banks,arima_101,4,2017-01-04,2017-04-04,0.011034190666986896,0.007560989163408011,0.5396825396825397,0.5396825396825397
JPM,banks,lstm,4,2017-01-04,2017-04-04,0.011017636335229605,0.00760290074021592,0.5079365079365079,0.5396825396825397
JPM,banks,zero,5,2017-04-05,2017-07-05,0.01132115157724537,0.00811551631640884,,0.5079365079365079
JPM,banks,train_mean,5,2017-04-05,2017-07-05,0.011266752671616578,0.008140766665185024,0.5079365079365079,0.5079365079365079
JPM,banks,last_return,5,2017-04-05,2017-07-05,0.015548841860711055,0.011352960922305472,0.49206349206349204,0.5079365079365079
JPM,banks,rolling_mean_20,5,2017-04-05,2017-07-05,0.011237534721287967,0.007886136276450765,0.5396825396825397,0.5079365079365079
JPM,banks,arima_101,5,2017-04-05,2017-07-05,0.011268652901271806,0.008142890676742325,0.5079365079365079,0.5079365079365079
JPM,banks,lstm,5,2017-04-05,2017-07-05,0.011263039256690068,0.008126658986365007,0.5238095238095238,0.5079365079365079
JPM,banks,zero,6,2017-07-06,2017-10-03,0.008464900940400862,0.006709239000382076,,0.5079365079365079
JPM,banks,train_mean,6,2017-07-06,2017-10-03,0.008444210322447633,0.006697191986394282,0.5079365079365079,0.5079365079365079
JPM,banks,last_return,6,2017-07-06,2017-10-03,0.011727265775960921,0.009374956558820884,0.4838709677419355,0.5079365079365079
JPM,banks,rolling_mean_20,6,2017-07-06,2017-10-03,0.008819324542605431,0.00710904281126492,0.4444444444444444,0.5079365079365079
JPM,banks,arima_101,6,2017-07-06,2017-10-03,0.008444706140979079,0.006700633629109461,0.5079365079365079,0.5079365079365079
JPM,banks,lstm,6,2017-07-06,2017-10-03,0.008407269292425237,0.006632431516602092,0.5396825396825397,0.5079365079365079
JPM,banks,zero,7,2017-10-04,2018-01-03,0.009803535532555623,0.007337095439908985,,0.47619047619047616
JPM,banks,train_mean,7,2017-10-04,2018-01-03,0.009697716582571776,0.007387348548767031,0.47619047619047616,0.47619047619047616
JPM,banks,last_return,7,2017-10-04,2018-01-03,0.013423643833431627,0.01097008413250734,0.49206349206349204,0.47619047619047616
JPM,banks,rolling_mean_20,7,2017-10-04,2018-01-03,0.010168293371131404,0.007894406186612595,0.47619047619047616,0.47619047619047616
JPM,banks,arima_101,7,2017-10-04,2018-01-03,0.009698264055159502,0.0073871086249992736,0.47619047619047616,0.47619047619047616
JPM,banks,lstm,7,2017-10-04,2018-01-03,0.009706270417496698,0.0073374027849117986,0.49206349206349204,0.47619047619047616
JPM,banks,zero,8,2018-01-04,2018-04-05,0.01609531282534395,0.011668085082929254,,0.6031746031746031
JPM,banks,train_mean,8,2018-01-04,2018-04-05,0.01607969407778661,0.011559787454392524,0.6031746031746031,0.6031746031746031
JPM,banks,last_return,8,2018-01-04,2018-04-05,0.023329865433823697,0.01670433510622105,0.49206349206349204,0.6031746031746031
JPM,banks,rolling_mean_20,8,2018-01-04,2018-04-05,0.016593449034080655,0.012002643294713684,0.5238095238095238,0.6031746031746031
JPM,banks,arima_101,8,2018-01-04,2018-04-05,0.0160783654674262,0.011559113439317353,0.6031746031746031,0.6031746031746031
JPM,banks,lstm,8,2018-01-04,2018-04-05,0.01603673274974243,0.01152984678386153,0.6190476190476191,0.6031746031746031
JPM,banks,zero,9,2018-04-06,2018-07-05,0.012679974161113154,0.009430034049455369,,0.3968253968253968
JPM,banks,train_mean,9,2018-04-06,2018-07-05,0.012774801364155937,0.009623383526320604,0.3968253968253968,0.3968253968253968
JPM,banks,last_return,9,2018-04-06,2018-07-05,0.020413256387385652,0.014975922957999417,0.4426229508196721,0.3968253968253968
JPM,banks,rolling_mean_20,9,2018-04-06,2018-07-05,0.013016771901187578,0.009778147994831291,0.4444444444444444,0.3968253968253968
JPM,banks,arima_101,9,2018-04-06,2018-07-05,0.012765112360008381,0.009616168080689855,0.3968253968253968,0.3968253968253968
JPM,banks,lstm,9,2018-04-06,2018-07-05,0.012738875977044609,0.009605169328006861,0.3968253968253968,0.3968253968253968
JPM,banks,zero,10,2018-07-06,2018-10-03,0.010488302071808269,0.007694229834282465,,0.5079365079365079
JPM,banks,train_mean,10,2018-07-06,2018-10-03,0.010400669519740587,0.007697361348118231,0.5079365079365079,0.5079365079365079
JPM,banks,last_return,10,2018-07-06,2018-10-03,0.01486424489158279,0.011117010970775464,0.4838709677419355,0.5079365079365079
JPM,banks,rolling_mean_20,10,2018-07-06,2018-10-03,0.010944863457580644,0.00781380101058617,0.49206349206349204,0.5079365079365079
JPM,banks,arima_101,10,2018-07-06,2018-10-03,0.010383988993336996,0.007671290527898287,0.5079365079365079,0.5079365079365079
JPM,banks,lstm,10,2018-07-06,2018-10-03,0.010374557867608908,0.007670330696712098,0.5238095238095238,0.5079365079365079
JPM,banks,zero,11,2018-10-04,2019-01-04,0.016481934305762558,0.013618280777285193,,0.42857142857142855
JPM,banks,train_mean,11,2018-10-04,2019-01-04,0.016584121527991512,0.013725503469505004,0.42857142857142855,0.42857142857142855
JPM,banks,last_return,11,2018-10-04,2019-01-04,0.021218255009309454,0.016359520494023224,0.5555555555555556,0.42857142857142855
JPM,banks,rolling_mean_20,11,2018-10-04,2019-01-04,0.017147550246815906,0.013641349716328412,0.5396825396825397,0.42857142857142855
JPM,banks,arima_101,11,2018-10-04,2019-01-04,0.01661514484781587,0.013768405719184524,0.42857142857142855,0.42857142857142855
JPM,banks,lstm,11,2018-10-04,2019-01-04,0.016779304482086248,0.014051098782788193,0.4444444444444444,0.42857142857142855
JPM,banks,zero,12,2019-01-07,2019-04-05,0.010210128495628856,0.007330160937701101,,0.5079365079365079
JPM,banks,train_mean,12,2019-01-07,2019-04-05,0.010177894293316704,0.007329814622293873,0.5079365079365079,0.5079365079365079
JPM,banks,last_return,12,2019-01-07,2019-04-05,0.013726022496502979,0.010312590846931893,0.6031746031746031,0.5079365079365079
JPM,banks,rolling_mean_20,12,2019-01-07,2019-04-05,0.010446068861614494,0.007374357092289766,0.5079365079365079,0.5079365079365079
JPM,banks,arima_101,12,2019-01-07,2019-04-05,0.010183907370734619,0.0073524262958564405,0.5079365079365079,0.5079365079365079
JPM,banks,lstm,12,2019-01-07,2019-04-05,0.01002976713291326,0.007228993262051517,0.5238095238095238,0.5079365079365079
JPM,banks,zero,13,2019-04-08,2019-07-08,0.011967168308074778,0.008604533315155113,,0.5396825396825397
JPM,banks,train_mean,13,2019-04-08,2019-07-08,0.011918925975191888,0.00855686891296807,0.5396825396825397,0.5396825396825397
JPM,banks,last_return,13,2019-04-08,2019-07-08,0.016802824728628117,0.012955952265513748,0.4603174603174603,0.5396825396825397
JPM,banks,rolling_mean_20,13,2019-04-08,2019-07-08,0.012425534869062428,0.009304340583710803,0.47619047619047616,0.5396825396825397
JPM,banks,arima_101,13,2019-04-08,2019-07-08,0.011919038365001543,0.008556981694462095,0.5396825396825397,0.5396825396825397
JPM,banks,lstm,13,2019-04-08,2019-07-08,0.011938748947337997,0.008583170290159535,0.49206349206349204,0.5396825396825397
JPM,banks,zero,14,2019-07-09,2019-10-04,0.013909312906591557,0.01099539319213664,,0.5396825396825397
JPM,banks,train_mean,14,2019-07-09,2019-10-04,0.013907595721246014,0.010942179786389741,0.5396825396825397,0.5396825396825397
JPM,banks,last_return,14,2019-07-09,2019-10-04,0.020949708819057666,0.017805141629979912,0.4126984126984127,0.5396825396825397
JPM,banks,rolling_mean_20,14,2019-07-09,2019-10-04,0.014517578111880262,0.011658978126278032,0.4603174603174603,0.5396825396825397
JPM,banks,arima_101,14,2019-07-09,2019-10-04,0.013907544433995913,0.01094236866547366,0.5396825396825397,0.5396825396825397
JPM,banks,lstm,14,2019-07-09,2019-10-04,0.013981149031869205,0.010944276031370409,0.5873015873015873,0.5396825396825397
JPM,banks,zero,15,2019-10-07,2020-01-06,0.009813477005639112,0.006911781928551332,,0.6031746031746031
JPM,banks,train_mean,15,2019-10-07,2020-01-06,0.009627278296414023,0.00677571696585343,0.6031746031746031,0.6031746031746031
JPM,banks,last_return,15,2019-10-07,2020-01-06,0.013775810764420022,0.010036985224080983,0.6031746031746031,0.6031746031746031
JPM,banks,rolling_mean_20,15,2019-10-07,2020-01-06,0.009970139998349356,0.0073173766213913095,0.5396825396825397,0.6031746031746031
JPM,banks,arima_101,15,2019-10-07,2020-01-06,0.009627870965419786,0.006776204548424517,0.6031746031746031,0.6031746031746031
JPM,banks,lstm,15,2019-10-07,2020-01-06,0.009775834959003138,0.006871442376639486,0.49206349206349204,0.6031746031746031
JPM,banks,zero,16,2020-01-07,2020-04-06,0.05139573383903717,0.0340854686287823,,0.4444444444444444
JPM,banks,train_mean,16,2020-01-07,2020-04-06,0.05149886181597889,0.03418737245296711,0.4444444444444444,0.4444444444444444
JPM,banks,last_return,16,2020-01-07,2020-04-06,0.08664637232648995,0.05379203578180978,0.39344262295081966,0.4444444444444444
JPM,banks,rolling_mean_20,16,2020-01-07,2020-04-06,0.05242070366111597,0.03434746037282153,0.4603174603174603,0.4444444444444444
JPM,banks,arima_101,16,2020-01-07,2020-04-06,0.05149849599129099,0.03418701852755274,0.4444444444444444,0.4444444444444444
JPM,banks,lstm,16,2020-01-07,2020-04-06,0.05144058995834367,0.03407356261803998,0.42857142857142855,0.4444444444444444
JPM,banks,zero,17,2020-04-07,2020-07-07,0.03417456432860554,0.027435265795312497,,0.5079365079365079
JPM,banks,train_mean,17,2020-04-07,2020-07-07,0.03416871997865555,0.027427528836938584,0.5079365079365079,0.5079365079365079
JPM,banks,last_return,17,2020-04-07,2020-07-07,0.0483656220728136,0.03651908911568968,0.5714285714285714,0.5079365079365079
JPM,banks,rolling_mean_20,17,2020-04-07,2020-07-07,0.03543547426848977,0.028265032637691652,0.3968253968253968,0.5079365079365079
JPM,banks,arima_101,17,2020-04-07,2020-07-07,0.03469344311068636,0.027695553541721967,0.5079365079365079,0.5079365079365079
JPM,banks,lstm,17,2020-04-07,2020-07-07,0.03401103717281977,0.027341053564247302,0.5396825396825397,0.5079365079365079
JPM,banks,zero,18,2020-07-08,2020-10-05,0.0173223133055483,0.013637862918678897,,0.5238095238095238
JPM,banks,train_mean,18,2020-07-08,2020-10-05,0.017293392279525373,0.013623496600918954,0.5238095238095238,0.5238095238095238
JPM,banks,last_return,18,2020-07-08,2020-10-05,0.025910673738862848,0.02139467289953293,0.47619047619047616,0.5238095238095238
JPM,banks,rolling_mean_20,18,2020-07-08,2020-10-05,0.01811359881126699,0.014241413244189066,0.3492063492063492,0.5238095238095238
JPM,banks,arima_101,18,2020-07-08,2020-10-05,0.017157179491754552,0.013678556081027202,0.49206349206349204,0.5238095238095238
JPM,banks,lstm,18,2020-07-08,2020-10-05,0.01720684409635237,0.013556745263267125,0.5555555555555556,0.5238095238095238
JPM,banks,zero,19,2020-10-06,2021-01-05,0.023515391973316473,0.015712815957406805,,0.47619047619047616
JPM,banks,train_mean,19,2020-10-06,2021-01-05,0.023435276184368112,0.015737471497565034,0.47619047619047616,0.47619047619047616
JPM,banks,last_return,19,2020-10-06,2021-01-05,0.03557562001012728,0.024517532357105465,0.36507936507936506,0.47619047619047616
JPM,banks,rolling_mean_20,19,2020-10-06,2021-01-05,0.024001222907439432,0.01673572160608559,0.4603174603174603,0.47619047619047616
JPM,banks,arima_101,19,2020-10-06,2021-01-05,0.023075497457507237,0.015413253906567746,0.6031746031746031,0.47619047619047616
JPM,banks,lstm,19,2020-10-06,2021-01-05,0.02343782606694252,0.015737606188736587,0.4603174603174603,0.47619047619047616
JPM,banks,zero,20,2021-01-06,2021-04-07,0.01554236285567951,0.01288874899869341,,0.5873015873015873
JPM,banks,train_mean,20,2021-01-06,2021-04-07,0.015417297163820681,0.012781533617960973,0.5873015873015873,0.5873015873015873
JPM,banks,last_return,20,2021-01-06,2021-04-07,0.020565029501873014,0.01737417633823782,0.5238095238095238,0.5873015873015873
JPM,banks,rolling_mean_20,20,2021-01-06,2021-04-07,0.01607059401231155,0.013420653465278888,0.5396825396825397,0.5873015873015873
JPM,banks,arima_101,20,2021-01-06,2021-04-07,0.015682844986504067,0.012677858535016169,0.5555555555555556,0.5873015873015873
JPM,banks,lstm,20,2021-01-06,2021-04-07,0.015517795762674667,0.012814812439975037,0.5873015873015873,0.5873015873015873
JPM,banks,zero,21,2021-04-08,2021-07-07,0.011942413003059354,0.009378090881982165,,0.5238095238095238
JPM,banks,train_mean,21,2021-04-08,2021-07-07,0.011966136365856816,0.009366389329094857,0.5238095238095238,0.5238095238095238
JPM,banks,last_return,21,2021-04-08,2021-07-07,0.015852917374542027,0.012396133776291892,0.5873015873015873,0.5238095238095238
JPM,banks,rolling_mean_20,21,2021-04-08,2021-07-07,0.01219182789099161,0.010017359274826464,0.4126984126984127,0.5238095238095238
JPM,banks,arima_101,21,2021-04-08,2021-07-07,0.012267602923340162,0.00969172404722402,0.4126984126984127,0.5238095238095238
JPM,banks,lstm,21,2021-04-08,2021-07-07,0.01193717384388375,0.00924499986049004,0.5873015873015873,0.5238095238095238
JPM,banks,zero,22,2021-07-08,2021-10-05,0.013978353139558483,0.01097484520715015,,0.49206349206349204
JPM,banks,train_mean,22,2021-07-08,2021-10-05,0.013917481956391009,0.011003348749696292,0.49206349206349204,0.49206349206349204
JPM,banks,last_return,22,2021-07-08,2021-10-05,0.018884151162821782,0.015172552392280695,0.49206349206349204,0.49206349206349204
JPM,banks,rolling_mean_20,22,2021-07-08,2021-10-05,0.014311383140898016,0.011274338826764669,0.3968253968253968,0.49206349206349204
JPM,banks,arima_101,22,2021-07-08,2021-10-05,0.01410330881006138,0.011171426016887026,0.5396825396825397,0.49206349206349204
JPM,banks,lstm,22,2021-07-08,2021-10-05,0.01384344146904064,0.01090880175824692,0.5238095238095238,0.49206349206349204
JPM,banks,zero,23,2021-10-06,2022-01-04,0.013079518088736324,0.01003905343099245,,0.42857142857142855
JPM,banks,train_mean,23,2021-10-06,2022-01-04,0.013103094986036755,0.010152074780860927,0.42857142857142855,0.42857142857142855
JPM,banks,last_return,23,2021-10-06,2022-01-04,0.017781881599741565,0.01368871097167193,0.5555555555555556,0.42857142857142855
JPM,banks,rolling_mean_20,23,2021-10-06,2022-01-04,0.013394151997101561,0.010208608664136446,0.5079365079365079,0.42857142857142855
JPM,banks,arima_101,23,2021-10-06,2022-01-04,0.013316187161688506,0.010267399869090957,0.4444444444444444,0.42857142857142855
JPM,banks,lstm,23,2021-10-06,2022-01-04,0.013067272951878175,0.010153950310714512,0.4444444444444444,0.42857142857142855
JPM,banks,zero,24,2022-01-05,2022-04-05,0.020007848392366075,0.015195587774187651,,0.4603174603174603
JPM,banks,train_mean,24,2022-01-05,2022-04-05,0.02013780427570764,0.015250297453086556,0.4603174603174603,0.4603174603174603
JPM,banks,last_return,24,2022-01-05,2022-04-05,0.02594153643862848,0.020275600330985098,0.5396825396825397,0.4603174603174603
JPM,banks,rolling_mean_20,24,2022-01-05,2022-04-05,0.02110080944008389,0.015770041376147886,0.49206349206349204,0.4603174603174603
JPM,banks,arima_101,24,2022-01-05,2022-04-05,0.02083434281748966,0.015652628941603356,0.4126984126984127,0.4603174603174603
JPM,banks,lstm,24,2022-01-05,2022-04-05,0.02010163440062263,0.015294211423215427,0.47619047619047616,0.4603174603174603
JPM,banks,zero,25,2022-04-06,2022-07-07,0.019382093963139797,0.01564077096561573,,0.36507936507936506
JPM,banks,train_mean,25,2022-04-06,2022-07-07,0.01945755683638169,0.015796672262218068,0.36507936507936506,0.36507936507936506
JPM,banks,last_return,25,2022-04-06,2022-07-07,0.025465121996376384,0.020759712742683217,0.5714285714285714,0.36507936507936506
JPM,banks,rolling_mean_20,25,2022-04-06,2022-07-07,0.020078830186348897,0.015514281812086129,0.5714285714285714,0.36507936507936506
JPM,banks,arima_101,25,2022-04-06,2022-07-07,0.019807671982057018,0.0161800197772309,0.3968253968253968,0.36507936507936506
JPM,banks,lstm,25,2022-04-06,2022-07-07,0.01945368260184658,0.015903625323062064,0.36507936507936506,0.36507936507936506
JPM,banks,zero,26,2022-07-08,2022-10-05,0.01773440300750234,0.014180885358346485,,0.4603174603174603
JPM,banks,train_mean,26,2022-07-08,2022-10-05,0.01775485790988213,0.014238870920660075,0.4603174603174603,0.4603174603174603
JPM,banks,last_return,26,2022-07-08,2022-10-05,0.025735139400054147,0.020278097791481226,0.4126984126984127,0.4603174603174603
JPM,banks,rolling_mean_20,26,2022-07-08,2022-10-05,0.01797484178754931,0.014113361830071084,0.5238095238095238,0.4603174603174603
JPM,banks,arima_101,26,2022-07-08,2022-10-05,0.017754814147275436,0.014137460022766257,0.5873015873015873,0.4603174603174603
JPM,banks,lstm,26,2022-07-08,2022-10-05,0.01770757903115566,0.014269449533815337,0.5238095238095238,0.4603174603174603
JPM,banks,zero,27,2022-10-06,2023-01-05,0.016887160897074878,0.012165045165821533,,0.6031746031746031
JPM,banks,train_mean,27,2022-10-06,2023-01-05,0.016798723647273226,0.01206631578329726,0.6031746031746031,0.6031746031746031
JPM,banks,last_return,27,2022-10-06,2023-01-05,0.021512513339436195,0.016490115153508293,0.5555555555555556,0.6031746031746031
JPM,banks,rolling_mean_20,27,2022-10-06,2023-01-05,0.017225815395842402,0.012970082348125708,0.4603174603174603,0.6031746031746031
JPM,banks,arima_101,27,2022-10-06,2023-01-05,0.01718309742373892,0.012399729467698435,0.5238095238095238,0.6031746031746031
JPM,banks,lstm,27,2022-10-06,2023-01-05,0.01679773555349011,0.012081147981428243,0.49206349206349204,0.6031746031746031
JPM,banks,zero,28,2023-01-06,2023-04-06,0.016912257858315318,0.012649770535431521,,0.5396825396825397
JPM,banks,train_mean,28,2023-01-06,2023-04-06,0.016948116232808962,0.012606095336111666,0.5396825396825397,0.5396825396825397
JPM,banks,last_return,28,2023-01-06,2023-04-06,0.027060658973814298,0.0198252097171682,0.4603174603174603,0.5396825396825397
JPM,banks,rolling_mean_20,28,2023-01-06,2023-04-06,0.01735201592633357,0.013086589150054853,0.5555555555555556,0.5396825396825397
JPM,banks,arima_101,28,2023-01-06,2023-04-06,0.016405180367685693,0.012187823225388517,0.6507936507936508,0.5396825396825397
JPM,banks,lstm,28,2023-01-06,2023-04-06,0.016959113975271705,0.012553396096841455,0.5714285714285714,0.5396825396825397
JPM,banks,zero,29,2023-04-10,2023-07-10,0.014564318537434222,0.009655513010121795,,0.5555555555555556
JPM,banks,train_mean,29,2023-04-10,2023-07-10,0.014496329537658432,0.009619717290830975,0.5555555555555556,0.5555555555555556
JPM,banks,last_return,29,2023-04-10,2023-07-10,0.019080493476977115,0.013203006538228888,0.5079365079365079,0.5555555555555556
JPM,banks,rolling_mean_20,29,2023-04-10,2023-07-10,0.014996929242133155,0.010179648896228286,0.5238095238095238,0.5555555555555556
JPM,banks,arima_101,29,2023-04-10,2023-07-10,0.014727374956678814,0.009875006061772431,0.49206349206349204,0.5555555555555556
JPM,banks,lstm,29,2023-04-10,2023-07-10,0.01447097176422636,0.009612602655570561,0.5396825396825397,0.5555555555555556
JNJ,pharma,zero,0,2016-01-05,2016-04-05,0.011059778621963716,0.007523032439627199,,0.5079365079365079
JNJ,pharma,train_mean,0,2016-01-05,2016-04-05,0.011001698486376848,0.007513877961525924,0.5079365079365079,0.5079365079365079
JNJ,pharma,last_return,0,2016-01-05,2016-04-05,0.017007862920381426,0.012648777451399442,0.4126984126984127,0.5079365079365079
JNJ,pharma,rolling_mean_20,0,2016-01-05,2016-04-05,0.011352363848666917,0.007716742637477623,0.47619047619047616,0.5079365079365079
JNJ,pharma,arima_101,0,2016-01-05,2016-04-05,0.010923273345200822,0.007355774940220833,0.5555555555555556,0.5079365079365079
JNJ,pharma,lstm,0,2016-01-05,2016-04-05,0.011017109668718031,0.007549353195923482,0.47619047619047616,0.5079365079365079
JNJ,pharma,zero,1,2016-04-06,2016-07-05,0.006507078575279478,0.005025065644048466,,0.5396825396825397
JNJ,pharma,train_mean,1,2016-04-06,2016-07-05,0.006345365441856266,0.004992998700584629,0.5396825396825397,0.5396825396825397
JNJ,pharma,last_return,1,2016-04-06,2016-07-05,0.008816037400528099,0.0072257259083186205,0.42857142857142855,0.5396825396825397
JNJ,pharma,rolling_mean_20,1,2016-04-06,2016-07-05,0.006267322709222032,0.0051042907500206715,0.5079365079365079,0.5396825396825397
JNJ,pharma,arima_101,1,2016-04-06,2016-07-05,0.006378805119440651,0.00494423272806703,0.47619047619047616,0.5396825396825397
JNJ,pharma,lstm,1,2016-04-06,2016-07-05,0.006681742787587032,0.005100449627046035,0.5238095238095238,0.5396825396825397
JNJ,pharma,zero,2,2016-07-06,2016-10-03,0.0060544940476249,0.004434849718225979,,0.4603174603174603
JNJ,pharma,train_mean,2,2016-07-06,2016-10-03,0.006140661113208956,0.004518981969001715,0.4603174603174603,0.4603174603174603
JNJ,pharma,last_return,2,2016-07-06,2016-10-03,0.009207988271497158,0.0068144304573737975,0.43548387096774194,0.4603174603174603
JNJ,pharma,rolling_mean_20,2,2016-07-06,2016-10-03,0.006260763922698051,0.00488556371146017,0.4444444444444444,0.4603174603174603
JNJ,pharma,arima_101,2,2016-07-06,2016-10-03,0.0061026708862297755,0.004472129365331366,0.4603174603174603,0.4603174603174603
JNJ,pharma,lstm,2,2016-07-06,2016-10-03,0.006158601888367205,0.004537943120430415,0.4603174603174603,0.4603174603174603
JNJ,pharma,zero,3,2016-10-04,2017-01-03,0.008874157507128834,0.006239416315160092,,0.5396825396825397
JNJ,pharma,train_mean,3,2016-10-04,2017-01-03,0.008920433996001443,0.006215328918117218,0.5396825396825397,0.5396825396825397
JNJ,pharma,last_return,3,2016-10-04,2017-01-03,0.012188484416075842,0.009402364304383272,0.4603174603174603,0.5396825396825397
JNJ,pharma,rolling_mean_20,3,2016-10-04,2017-01-03,0.00930150082761537,0.006625564240430401,0.38095238095238093,0.5396825396825397
JNJ,pharma,arima_101,3,2016-10-04,2017-01-03,0.00898802647179118,0.006198151602385977,0.5238095238095238,0.5396825396825397
JNJ,pharma,lstm,3,2016-10-04,2017-01-03,0.008898517973488462,0.006224263709038576,0.5396825396825397,0.5396825396825397
JNJ,pharma,zero,4,2017-01-04,2017-04-04,0.006726960305125626,0.004693938379293784,,0.47619047619047616
JNJ,pharma,train_mean,4,2017-01-04,2017-04-04,0.006639564963129142,0.004739183861412467,0.47619047619047616,0.47619047619047616
JNJ,pharma,last_return,4,2017-01-04,2017-04-04,0.009151790894074021,0.006401834491554883,0.5079365079365079,0.47619047619047616
JNJ,pharma,rolling_mean_20,4,2017-01-04,2017-04-04,0.00676532473544968,0.0053219549594517674,0.5238095238095238,0.47619047619047616
JNJ,pharma,arima_101,4,2017-01-04,2017-04-04,0.0066809316621741725,0.004764640853552542,0.5079365079365079,0.47619047619047616
JNJ,pharma,lstm,4,2017-01-04,2017-04-04,0.006566972733082388,0.004618789957257083,0.6031746031746031,0.47619047619047616
JNJ,pharma,zero,5,2017-04-05,2017-07-05,0.007062748381077895,0.004701333787657097,,0.6031746031746031
JNJ,pharma,train_mean,5,2017-04-05,2017-07-05,0.0069818937450381,0.004581961992008979,0.6031746031746031,0.6031746031746031
JNJ,pharma,last_return,5,2017-04-05,2017-07-05,0.009238110000665541,0.00645457791133523,0.5714285714285714,0.6031746031746031
JNJ,pharma,rolling_mean_20,5,2017-04-05,2017-07-05,0.007143729464032459,0.00459258237529562,0.6349206349206349,0.6031746031746031
JNJ,pharma,arima_101,5,2017-04-05,2017-07-05,0.00704640711001904,0.004662396056501452,0.5873015873015873,0.6031746031746031
JNJ,pharma,lstm,5,2017-04-05,2017-07-05,0.006981732152451168,0.004583817691347005,0.6031746031746031,0.6031746031746031
JNJ,pharma,zero,6,2017-07-06,2017-10-03,0.007610274664549025,0.006178767597925411,,0.4444444444444444
JNJ,pharma,train_mean,6,2017-07-06,2017-10-03,0.007647231571579498,0.006295829070020806,0.4444444444444444,0.4444444444444444
JNJ,pharma,last_return,6,2017-07-06,2017-10-03,0.010708416180086533,0.00871879532152128,0.4603174603174603,0.4444444444444444
JNJ,pharma,rolling_mean_20,6,2017-07-06,2017-10-03,0.007770023399903919,0.006282274143392653,0.47619047619047616,0.4444444444444444
JNJ,pharma,arima_101,6,2017-07-06,2017-10-03,0.007665875225243551,0.006346118773653972,0.42857142857142855,0.4444444444444444
JNJ,pharma,lstm,6,2017-07-06,2017-10-03,0.00762097893113367,0.006258006877978786,0.4444444444444444,0.4444444444444444
JNJ,pharma,zero,7,2017-10-04,2018-01-03,0.007520699465061454,0.005247877423870116,,0.49206349206349204
JNJ,pharma,train_mean,7,2017-10-04,2018-01-03,0.007456005434345006,0.005288642141983094,0.49206349206349204,0.49206349206349204
JNJ,pharma,last_return,7,2017-10-04,2018-01-03,0.0109154171883067,0.008162367726314946,0.5238095238095238,0.49206349206349204
JNJ,pharma,rolling_mean_20,7,2017-10-04,2018-01-03,0.007920176698452047,0.005667507915935832,0.4603174603174603,0.49206349206349204
JNJ,pharma,arima_101,7,2017-10-04,2018-01-03,0.007436007758618806,0.005279870972435325,0.5079365079365079,0.49206349206349204
JNJ,pharma,lstm,7,2017-10-04,2018-01-03,0.0074570094034276495,0.005269535704221613,0.49206349206349204,0.49206349206349204
JNJ,pharma,zero,8,2018-01-04,2018-04-05,0.01645488924801415,0.012127582788706865,,0.5555555555555556
JNJ,pharma,train_mean,8,2018-01-04,2018-04-05,0.01650969886009703,0.012054813243686579,0.5555555555555556,0.5555555555555556
JNJ,pharma,last_return,8,2018-01-04,2018-04-05,0.02421067454590747,0.01849902874194595,0.45161290322580644,0.5555555555555556
JNJ,pharma,rolling_mean_20,8,2018-01-04,2018-04-05,0.016978526366642415,0.012589663925086815,0.49206349206349204,0.5555555555555556
JNJ,pharma,arima_101,8,2018-01-04,2018-04-05,0.01646932880757075,0.011968334602586304,0.5396825396825397,0.5555555555555556
JNJ,pharma,lstm,8,2018-01-04,2018-04-05,0.01640285344649771,0.011926038208503572,0.5873015873015873,0.5555555555555556
JNJ,pharma,zero,9,2018-04-06,2018-07-05,0.009144225223271421,0.007500966722119839,,0.49206349206349204
JNJ,pharma,train_mean,9,2018-04-06,2018-07-05,0.00919917413334085,0.007510072244779989,0.49206349206349204,0.49206349206349204
JNJ,pharma,last_return,9,2018-04-06,2018-07-05,0.013257004044984975,0.011182698080175506,0.3968253968253968,0.49206349206349204
JNJ,pharma,rolling_mean_20,9,2018-04-06,2018-07-05,0.00935984638531819,0.007674219560858318,0.4444444444444444,0.49206349206349204
JNJ,pharma,arima_101,9,2018-04-06,2018-07-05,0.00917782144366593,0.007479456040928081,0.49206349206349204,0.49206349206349204
JNJ,pharma,lstm,9,2018-04-06,2018-07-05,0.009169069490322274,0.00743267225407699,0.49206349206349204,0.49206349206349204
JNJ,pharma,zero,10,2018-07-06,2018-10-03,0.009569755682313216,0.007334362449096561,,0.5714285714285714
JNJ,pharma,train_mean,10,2018-07-06,2018-10-03,0.009485947436760659,0.007272008474933784,0.5714285714285714,0.5714285714285714
JNJ,pharma,last_return,10,2018-07-06,2018-10-03,0.013420742105287412,0.009459313386761564,0.5079365079365079,0.5714285714285714
JNJ,pharma,rolling_mean_20,10,2018-07-06,2018-10-03,0.009651596263192215,0.007365790588728915,0.5714285714285714,0.5714285714285714
JNJ,pharma,arima_101,10,2018-07-06,2018-10-03,0.009519926930348354,0.007349828946272126,0.5396825396825397,0.5714285714285714
JNJ,pharma,lstm,10,2018-07-06,2018-10-03,0.009656168823603532,0.007341189317053894,0.5079365079365079,0.5714285714285714
JNJ,pharma,zero,11,2018-10-04,2019-01-04,0.018472200590301174,0.010451561663813594,,0.5555555555555556
JNJ,pharma,train_mean,11,2018-10-04,2019-01-04,0.018519552260427792,0.010426764988597268,0.5555555555555556,0.5555555555555556
JNJ,pharma,last_return,11,2018-10-04,2019-01-04,0.025070967372111206,0.016207978422146625,0.47619047619047616,0.5555555555555556
JNJ,pharma,rolling_mean_20,11,2018-10-04,2019-01-04,0.018868139403574798,0.011022154935828084,0.47619047619047616,0.5555555555555556
JNJ,pharma,arima_101,11,2018-10-04,2019-01-04,0.01863390490013132,0.010449729710442219,0.5396825396825397,0.5555555555555556
JNJ,pharma,lstm,11,2018-10-04,2019-01-04,0.018476471188582682,0.010394643619641255,0.5396825396825397,0.5555555555555556
JNJ,pharma,zero,12,2019-01-07,2019-04-05,0.008137945173291848,0.0066135960546377295,,0.5555555555555556
JNJ,pharma,train_mean,12,2019-01-07,2019-04-05,0.008084924782543215,0.0065640724148032575,0.5555555555555556,0.5555555555555556
JNJ,pharma,last_return,12,2019-01-07,2019-04-05,0.01283584124345516,0.010356806384808712,0.4262295081967213,0.5555555555555556
JNJ,pharma,rolling_mean_20,12,2019-01-07,2019-04-05,0.008603158029233934,0.0066988238155053555,0.5396825396825397,0.5555555555555556
JNJ,pharma,arima_101,12,2019-01-07,2019-04-05,0.008129356250944637,0.0065847349057610955,0.5555555555555556,0.5555555555555556
JNJ,pharma,lstm,12,2019-01-07,2019-04-05,0.00807934104361955,0.006578221425124658,0.5396825396825397,0.5555555555555556
JNJ,pharma,zero,13,2019-04-08,2019-07-08,0.009528852911127577,0.006931050680434406,,0.6031746031746031
JNJ,pharma,train_mean,13,2019-04-08,2019-07-08,0.009507094398064967,0.006851413473824196,0.6031746031746031,0.6031746031746031
JNJ,pharma,last_return,13,2019-04-08,2019-07-08,0.012528498476722612,0.00978266528225486,0.5238095238095238,0.6031746031746031
JNJ,pharma,rolling_mean_20,13,2019-04-08,2019-07-08,0.010010159545739883,0.007382293067903873,0.4444444444444444,0.6031746031746031
JNJ,pharma,arima_101,13,2019-04-08,2019-07-08,0.009554524482589338,0.006855626498194055,0.5873015873015873,0.6031746031746031
JNJ,pharma,lstm,13,2019-04-08,2019-07-08,0.00956442875384573,0.006834312273583204,0.5238095238095238,0.6031746031746031
JNJ,pharma,zero,14,2019-07-09,2019-10-04,0.010952754859771843,0.008004385714869373,,0.5238095238095238
JNJ,pharma,train_mean,14,2019-07-09,2019-10-04,0.011000650300376863,0.007979142655318438,0.5238095238095238,0.5238095238095238
JNJ,pharma,last_return,14,2019-07-09,2019-10-04,0.015756618478845998,0.012299935437761913,0.42857142857142855,0.5238095238095238
JNJ,pharma,rolling_mean_20,14,2019-07-09,2019-10-04,0.011317117367654863,0.008440068757021699,0.4126984126984127,0.5238095238095238
JNJ,pharma,arima_101,14,2019-07-09,2019-10-04,0.011004352155445879,0.007958532297977617,0.5238095238095238,0.5238095238095238
JNJ,pharma,lstm,14,2019-07-09,2019-10-04,0.011027118798864805,0.00785763731936894,0.5396825396825397,0.5238095238095238
JNJ,pharma,zero,15,2019-10-07,2020-01-06,0.012243728910868681,0.00735075841924956,,0.5396825396825397
JNJ,pharma,train_mean,15,2019-10-07,2020-01-06,0.012201729982164533,0.007320219171176128,0.5396825396825397,0.5396825396825397
JNJ,pharma,last_return,15,2019-10-07,2020-01-06,0.01783123481184267,0.011479703271613427,0.5714285714285714,0.5396825396825397
JNJ,pharma,rolling_mean_20,15,2019-10-07,2020-01-06,0.012488680900823973,0.007698570005885416,0.47619047619047616,0.5396825396825397
JNJ,pharma,arima_101,15,2019-10-07,2020-01-06,0.012211551437075,0.007330379603860939,0.5079365079365079,0.5396825396825397
JNJ,pharma,lstm,15,2019-10-07,2020-01-06,0.01221345376316837,0.0073496998708053075,0.5396825396825397,0.5396825396825397
JNJ,pharma,zero,16,2020-01-07,2020-04-06,0.03203291093596652,0.021431896387715203,,0.49206349206349204
JNJ,pharma,train_mean,16,2020-01-07,2020-04-06,0.03204317041461206,0.021459661930145327,0.49206349206349204,0.49206349206349204
JNJ,pharma,last_return,16,2020-01-07,2020-04-06,0.05066000922717236,0.03199248243006908,0.4444444444444444,0.49206349206349204
JNJ,pharma,rolling_mean_20,16,2020-01-07,2020-04-06,0.03275481833389123,0.02175076197407393,0.5873015873015873,0.49206349206349204
JNJ,pharma,arima_101,16,2020-01-07,2020-04-06,0.03172255734244036,0.021270093100363437,0.5714285714285714,0.49206349206349204
JNJ,pharma,lstm,16,2020-01-07,2020-04-06,0.03176402326854894,0.02123483303078769,0.5079365079365079,0.49206349206349204
JNJ,pharma,zero,17,2020-04-07,2020-07-07,0.013984963606845162,0.010143332619921612,,0.4444444444444444
JNJ,pharma,train_mean,17,2020-04-07,2020-07-07,0.013977524589261449,0.01019687616473258,0.4444444444444444,0.4444444444444444
JNJ,pharma,last_return,17,2020-04-07,2020-07-07,0.02213081074337753,0.01578138278856857,0.5079365079365079,0.4444444444444444
JNJ,pharma,rolling_mean_20,17,2020-04-07,2020-07-07,0.015022469865710137,0.011149007251249798,0.4126984126984127,0.4444444444444444
JNJ,pharma,arima_101,17,2020-04-07,2020-07-07,0.013782166899250188,0.010106312603256347,0.5079365079365079,0.4444444444444444
JNJ,pharma,lstm,17,2020-04-07,2020-07-07,0.014020020190919458,0.010135613343987188,0.5079365079365079,0.4444444444444444
JNJ,pharma,zero,18,2020-07-08,2020-10-05,0.009593412718158873,0.007250177073469573,,0.5714285714285714
JNJ,pharma,train_mean,18,2020-07-08,2020-10-05,0.009570741237316853,0.007181454972855058,0.5714285714285714,0.5714285714285714
JNJ,pharma,last_return,18,2020-07-08,2020-10-05,0.014754862456812592,0.010521088759701027,0.5079365079365079,0.5714285714285714
JNJ,pharma,rolling_mean_20,18,2020-07-08,2020-10-05,0.009986611251220127,0.007624282406785844,0.49206349206349204,0.5714285714285714
JNJ,pharma,arima_101,18,2020-07-08,2020-10-05,0.009403436405264146,0.007146036814983886,0.5873015873015873,0.5714285714285714
JNJ,pharma,lstm,18,2020-07-08,2020-10-05,0.009552535856194588,0.007357518787150532,0.4444444444444444,0.5714285714285714
JNJ,pharma,zero,19,2020-10-06,2021-01-05,0.01157114528904985,0.008997018965509113,,0.5555555555555556
JNJ,pharma,train_mean,19,2020-10-06,2021-01-05,0.01153257515883184,0.008942811943026636,0.5555555555555556,0.5555555555555556
JNJ,pharma,last_return,19,2020-10-06,2021-01-05,0.01543715567089408,0.012462253548113113,0.532258064516129,0.5555555555555556
JNJ,pharma,rolling_mean_20,19,2020-10-06,2021-01-05,0.011728412322176564,0.008895832006117264,0.5555555555555556,0.5555555555555556
JNJ,pharma,arima_101,19,2020-10-06,2021-01-05,0.011670826727914007,0.009139167489358701,0.5079365079365079,0.5555555555555556
JNJ,pharma,lstm,19,2020-10-06,2021-01-05,0.01156694516495646,0.009030080681598687,0.4603174603174603,0.5555555555555556
JNJ,pharma,zero,20,2021-01-06,2021-04-07,0.010791426195855491,0.007852844916905289,,0.5238095238095238
JNJ,pharma,train_mean,20,2021-01-06,2021-04-07,0.010774252017427086,0.007833838843616141,0.5238095238095238,0.5238095238095238
JNJ,pharma,last_return,20,2021-01-06,2021-04-07,0.015251617715553868,0.011468424178814524,0.5238095238095238,0.5238095238095238
JNJ,pharma,rolling_mean_20,20,2021-01-06,2021-04-07,0.011076158953892247,0.008139733860612985,0.4603174603174603,0.5238095238095238
JNJ,pharma,arima_101,20,2021-01-06,2021-04-07,0.010809169142615245,0.007895714191225726,0.4603174603174603,0.5238095238095238
JNJ,pharma,lstm,20,2021-01-06,2021-04-07,0.010748242364037272,0.00777938643399917,0.5555555555555556,0.5238095238095238
JNJ,pharma,zero,21,2021-04-08,2021-07-07,0.008605106742096774,0.0066419794578944785,,0.5396825396825397
JNJ,pharma,train_mean,21,2021-04-08,2021-07-07,0.008581530231769658,0.006620735257815437,0.5396825396825397,0.5396825396825397
JNJ,pharma,last_return,21,2021-04-08,2021-07-07,0.012959658739867434,0.010096872881675281,0.42857142857142855,0.5396825396825397
JNJ,pharma,rolling_mean_20,21,2021-04-08,2021-07-07,0.008904243584418103,0.0069672252109293925,0.49206349206349204,0.5396825396825397
JNJ,pharma,arima_101,21,2021-04-08,2021-07-07,0.008508357446688422,0.0064942752830573006,0.5555555555555556,0.5396825396825397
JNJ,pharma,lstm,21,2021-04-08,2021-07-07,0.008574079447439337,0.0066166084567404835,0.5396825396825397,0.5396825396825397
JNJ,pharma,zero,22,2021-07-08,2021-10-05,0.007001095199881453,0.0055143260143495215,,0.47619047619047616
JNJ,pharma,train_mean,22,2021-07-08,2021-10-05,0.007082676062487634,0.005573022333452079,0.47619047619047616,0.47619047619047616
JNJ,pharma,last_return,22,2021-07-08,2021-10-05,0.009486291669702919,0.0075385768142457775,0.5483870967741935,0.47619047619047616
JNJ,pharma,rolling_mean_20,22,2021-07-08,2021-10-05,0.00696762092312535,0.005371199082791771,0.6190476190476191,0.47619047619047616
JNJ,pharma,arima_101,22,2021-07-08,2021-10-05,0.007144180402574572,0.005631771492210742,0.49206349206349204,0.47619047619047616
JNJ,pharma,lstm,22,2021-07-08,2021-10-05,0.007112080906196055,0.005585072647815411,0.47619047619047616,0.47619047619047616
JNJ,pharma,zero,23,2021-10-06,2022-01-04,0.009580541023721405,0.007434658888146594,,0.5555555555555556
JNJ,pharma,train_mean,23,2021-10-06,2022-01-04,0.009532137580040878,0.007390957628924178,0.5555555555555556,0.5555555555555556
JNJ,pharma,last_return,23,2021-10-06,2022-01-04,0.014407780414493858,0.011017626314839076,0.5079365079365079,0.5555555555555556
JNJ,pharma,rolling_mean_20,23,2021-10-06,2022-01-04,0.009909270523858166,0.007522851565052203,0.5238095238095238,0.5555555555555556
JNJ,pharma,arima_101,23,2021-10-06,2022-01-04,0.009409737860608853,0.007321122545376019,0.6190476190476191,0.5555555555555556
JNJ,pharma,lstm,23,2021-10-06,2022-01-04,0.009525873609559771,0.007382388211340274,0.6031746031746031,0.5555555555555556
JNJ,pharma,zero,24,2022-01-05,2022-04-05,0.011742326598464175,0.008921054756358938,,0.4444444444444444
JNJ,pharma,train_mean,24,2022-01-05,2022-04-05,0.01172335836197193,0.008976340135652676,0.4444444444444444,0.4444444444444444
JNJ,pharma,last_return,24,2022-01-05,2022-04-05,0.018001249699879058,0.012776996598692194,0.47619047619047616,0.4444444444444444
JNJ,pharma,rolling_mean_20,24,2022-01-05,2022-04-05,0.01210166894305695,0.009031911358265678,0.43548387096774194,0.4444444444444444
JNJ,pharma,arima_101,24,2022-01-05,2022-04-05,0.011526608370026224,0.008850068381764544,0.5079365079365079,0.4444444444444444
JNJ,pharma,lstm,24,2022-01-05,2022-04-05,0.011565948190167047,0.00889677255663073,0.4126984126984127,0.4444444444444444
JNJ,pharma,zero,25,2022-04-06,2022-07-07,0.012085272396440841,0.00948444034971322,,0.4603174603174603
JNJ,pharma,train_mean,25,2022-04-06,2022-07-07,0.012088198462506224,0.009536718178287643,0.4603174603174603,0.4603174603174603
JNJ,pharma,last_return,25,2022-04-06,2022-07-07,0.016380032376822118,0.013361870882804152,0.49206349206349204,0.4603174603174603
JNJ,pharma,rolling_mean_20,25,2022-04-06,2022-07-07,0.012403239910692847,0.009839466674239019,0.4126984126984127,0.4603174603174603
JNJ,pharma,arima_101,25,2022-04-06,2022-07-07,0.012300592841814204,0.009822387693718555,0.4603174603174603,0.4603174603174603
JNJ,pharma,lstm,25,2022-04-06,2022-07-07,0.01214463514822067,0.009528312941745458,0.5555555555555556,0.4603174603174603
JNJ,pharma,zero,26,2022-07-08,2022-10-05,0.010287178754423748,0.008003621961997408,,0.4444444444444444
JNJ,pharma,train_mean,26,2022-07-08,2022-10-05,0.01035320009108647,0.00807556520589515,0.4444444444444444,0.4444444444444444
JNJ,pharma,last_return,26,2022-07-08,2022-10-05,0.01565400817114574,0.011855062505906786,0.5079365079365079,0.4444444444444444
JNJ,pharma,rolling_mean_20,26,2022-07-08,2022-10-05,0.010628462783024902,0.008189218060832363,0.4603174603174603,0.4444444444444444
JNJ,pharma,arima_101,26,2022-07-08,2022-10-05,0.010275596086201447,0.008147299837402146,0.47619047619047616,0.4444444444444444
JNJ,pharma,lstm,26,2022-07-08,2022-10-05,0.01022417431843041,0.00804295666559277,0.49206349206349204,0.4444444444444444
JNJ,pharma,zero,27,2022-10-06,2023-01-05,0.009430208593539111,0.007324930828051846,,0.6190476190476191
JNJ,pharma,train_mean,27,2022-10-06,2023-01-05,0.009375328333083287,0.0072261665988876105,0.6190476190476191,0.6190476190476191
JNJ,pharma,last_return,27,2022-10-06,2023-01-05,0.013669770265545002,0.010560599043429608,0.5238095238095238,0.6190476190476191
JNJ,pharma,rolling_mean_20,27,2022-10-06,2023-01-05,0.009638049086128293,0.007230461909893542,0.5238095238095238,0.6190476190476191
JNJ,pharma,arima_101,27,2022-10-06,2023-01-05,0.009342441951141464,0.007190436940444782,0.5714285714285714,0.6190476190476191
JNJ,pharma,lstm,27,2022-10-06,2023-01-05,0.009455491648492477,0.007319756629168827,0.5873015873015873,0.6190476190476191
JNJ,pharma,zero,28,2023-01-06,2023-04-06,0.011443846178571757,0.008113566471500957,,0.4126984126984127
JNJ,pharma,train_mean,28,2023-01-06,2023-04-06,0.011501218527342507,0.008203902556889603,0.4126984126984127,0.4126984126984127
JNJ,pharma,last_return,28,2023-01-06,2023-04-06,0.01586303359069524,0.011496585431940968,0.639344262295082,0.4126984126984127
JNJ,pharma,rolling_mean_20,28,2023-01-06,2023-04-06,0.011349926313227654,0.008190978114375807,0.6190476190476191,0.4126984126984127
JNJ,pharma,arima_101,28,2023-01-06,2023-04-06,0.011598860474541783,0.008365044598388752,0.3492063492063492,0.4126984126984127
JNJ,pharma,lstm,28,2023-01-06,2023-04-06,0.011692822946466985,0.008450754603123027,0.4126984126984127,0.4126984126984127
JNJ,pharma,zero,29,2023-04-10,2023-07-10,0.007787793405327067,0.005694198392643326,,0.3968253968253968
JNJ,pharma,train_mean,29,2023-04-10,2023-07-10,0.007824095785571675,0.0057938587858776345,0.3968253968253968,0.3968253968253968
JNJ,pharma,last_return,29,2023-04-10,2023-07-10,0.0112691545378247,0.008611975635760926,0.5396825396825397,0.3968253968253968
JNJ,pharma,rolling_mean_20,29,2023-04-10,2023-07-10,0.008421738269416954,0.006182258312242501,0.5079365079365079,0.3968253968253968
JNJ,pharma,arima_101,29,2023-04-10,2023-07-10,0.007869865552861802,0.005838723814032531,0.4126984126984127,0.3968253968253968
JNJ,pharma,lstm,29,2023-04-10,2023-07-10,0.007825742209257873,0.005788354584474428,0.47619047619047616,0.3968253968253968
WMT,retail,zero,0,2016-01-05,2016-04-05,0.012886886105453079,0.010046583647230566,,0.5396825396825397
WMT,retail,train_mean,0,2016-01-05,2016-04-05,0.01289521816717295,0.010051072253710094,0.4603174603174603,0.5396825396825397
WMT,retail,last_return,0,2016-01-05,2016-04-05,0.019025121414478922,0.014523008192695235,0.47619047619047616,0.5396825396825397
WMT,retail,rolling_mean_20,0,2016-01-05,2016-04-05,0.013108769282952822,0.010123563532534192,0.5396825396825397,0.5396825396825397
WMT,retail,arima_101,0,2016-01-05,2016-04-05,0.012961662791069629,0.010084343973679723,0.5079365079365079,0.5396825396825397
WMT,retail,lstm,0,2016-01-05,2016-04-05,0.012928332815726437,0.010106045235831324,0.49206349206349204,0.5396825396825397
WMT,retail,zero,1,2016-04-06,2016-07-05,0.015444113909451359,0.008771826093475887,,0.5714285714285714
WMT,retail,train_mean,1,2016-04-06,2016-07-05,0.015437712135959932,0.008758725079354822,0.5714285714285714,0.5714285714285714
WMT,retail,last_return,1,2016-04-06,2016-07-05,0.023764102214620986,0.014334776550082603,0.38095238095238093,0.5714285714285714
WMT,retail,rolling_mean_20,1,2016-04-06,2016-07-05,0.01585822407621476,0.009025140706845161,0.5396825396825397,0.5714285714285714
WMT,retail,arima_101,1,2016-04-06,2016-07-05,0.015476361088190343,0.008780118933158308,0.49206349206349204,0.5714285714285714
WMT,retail,lstm,1,2016-04-06,2016-07-05,0.015573419000306806,0.00886197291499364,0.47619047619047616,0.5714285714285714
WMT,retail,zero,2,2016-07-06,2016-10-03,0.008773323874213321,0.006479508269424069,,0.49206349206349204
WMT,retail,train_mean,2,2016-07-06,2016-10-03,0.008777500685339883,0.006482134035428593,0.49206349206349204,0.49206349206349204
WMT,retail,last_return,2,2016-07-06,2016-10-03,0.014401921716320563,0.011128113213419954,0.38095238095238093,0.49206349206349204
WMT,retail,rolling_mean_20,2,2016-07-06,2016-10-03,0.009012396081667266,0.006623483214742286,0.4444444444444444,0.49206349206349204
WMT,retail,arima_101,2,2016-07-06,2016-10-03,0.008725866635638537,0.006443943300087506,0.5873015873015873,0.49206349206349204
WMT,retail,lstm,2,2016-07-06,2016-10-03,0.008749933250648977,0.006472341455289874,0.5555555555555556,0.49206349206349204
WMT,retail,zero,3,2016-10-04,2017-01-03,0.009831329874164896,0.007039242809510529,,0.5079365079365079
WMT,retail,train_mean,3,2016-10-04,2017-01-03,0.009841887456466284,0.007037012265813545,0.5079365079365079,0.5079365079365079
WMT,retail,last_return,3,2016-10-04,2017-01-03,0.012791152397706982,0.009881166432089711,0.5873015873015873,0.5079365079365079
WMT,retail,rolling_mean_20,3,2016-10-04,2017-01-03,0.010080650829588117,0.007215282781128885,0.5238095238095238,0.5079365079365079
WMT,retail,arima_101,3,2016-10-04,2017-01-03,0.009869556972124886,0.007078376233539278,0.4444444444444444,0.5079365079365079
WMT,retail,lstm,3,2016-10-04,2017-01-03,0.00990361670339271,0.007249382675328212,0.5079365079365079,0.5079365079365079
WMT,retail,zero,4,2017-01-04,2017-04-04,0.008977730880620973,0.007167560701840838,,0.5079365079365079
WMT,retail,train_mean,4,2017-01-04,2017-04-04,0.008968920899059433,0.007166038776818471,0.5079365079365079,0.5079365079365079
WMT,retail,last_return,4,2017-01-04,2017-04-04,0.01306059536442962,0.010435010967525206,0.47619047619047616,0.5079365079365079
WMT,retail,rolling_mean_20,4,2017-01-04,2017-04-04,0.009236861964264492,0.007264365145997563,0.5079365079365079,0.5079365079365079
WMT,retail,arima_101,4,2017-01-04,2017-04-04,0.00895739379677759,0.007155092115641886,0.47619047619047616,0.5079365079365079
WMT,retail,lstm,4,2017-01-04,2017-04-04,0.008983520080980748,0.00714223188295274,0.47619047619047616,0.5079365079365079
WMT,retail,zero,5,2017-04-05,2017-07-05,0.009963744987612506,0.006528550523575835,,0.6031746031746031
WMT,retail,train_mean,5,2017-04-05,2017-07-05,0.009953105843147224,0.006500066873181111,0.6031746031746031,0.6031746031746031
WMT,retail,last_return,5,2017-04-05,2017-07-05,0.013386385452967345,0.009479996302367137,0.5079365079365079,0.6031746031746031
WMT,retail,rolling_mean_20,5,2017-04-05,2017-07-05,0.01020608291253824,0.006565602773366233,0.6031746031746031,0.6031746031746031
WMT,retail,arima_101,5,2017-04-05,2017-07-05,0.009964077722742097,0.0064839684628402,0.5396825396825397,0.6031746031746031
WMT,retail,lstm,5,2017-04-05,2017-07-05,0.009962728406749272,0.006523729965065458,0.47619047619047616,0.6031746031746031
WMT,retail,zero,6,2017-07-06,2017-10-03,0.00851975702557105,0.006313221842872727,,0.6349206349206349
WMT,retail,train_mean,6,2017-07-06,2017-10-03,0.008502675695029242,0.00626486388470452,0.6349206349206349,0.6349206349206349
WMT,retail,last_return,6,2017-07-06,2017-10-03,0.011113595865880939,0.008828583340354157,0.5714285714285714,0.6349206349206349
WMT,retail,rolling_mean_20,6,2017-07-06,2017-10-03,0.008940505645917533,0.006556358005370541,0.47619047619047616,0.6349206349206349
WMT,retail,arima_101,6,2017-07-06,2017-10-03,0.008518669906067406,0.006274474174410267,0.5079365079365079,0.6349206349206349
WMT,retail,lstm,6,2017-07-06,2017-10-03,0.008520191789160171,0.006320227136850309,0.4603174603174603,0.6349206349206349
WMT,retail,zero,7,2017-10-04,2018-01-03,0.01615057964137717,0.008171619696468086,,0.6349206349206349
WMT,retail,train_mean,7,2017-10-04,2018-01-03,0.016102300027168222,0.00812026927694604,0.6349206349206349,0.6349206349206349
WMT,retail,last_return,7,2017-10-04,2018-01-03,0.024281119820030877,0.012703480332262752,0.43548387096774194,0.6349206349206349
WMT,retail,rolling_mean_20,7,2017-10-04,2018-01-03,0.016327017570752243,0.00861413165930022,0.6349206349206349,0.6349206349206349
WMT,retail,arima_101,7,2017-10-04,2018-01-03,0.01607917394800118,0.008115470694723561,0.5873015873015873,0.6349206349206349
WMT,retail,lstm,7,2017-10-04,2018-01-03,0.016135988640957184,0.008224673383282588,0.42857142857142855,0.6349206349206349
WMT,retail,zero,8,2018-01-04,2018-04-05,0.019774318254488974,0.013315819528678592,,0.5714285714285714
WMT,retail,train_mean,8,2018-01-04,2018-04-05,0.019815344658606966,0.013259962492128784,0.5714285714285714,0.5714285714285714
WMT,retail,last_return,8,2018-01-04,2018-04-05,0.027812798146688387,0.018192174360335604,0.5555555555555556,0.5714285714285714
WMT,retail,rolling_mean_20,8,2018-01-04,2018-04-05,0.020150756437386282,0.013573464403849041,0.4444444444444444,0.5714285714285714
WMT,retail,arima_101,8,2018-01-04,2018-04-05,0.019806391927047997,0.013251702699191195,0.5238095238095238,0.5714285714285714
WMT,retail,lstm,8,2018-01-04,2018-04-05,0.019778519484367447,0.013313116746336746,0.5079365079365079,0.5714285714285714
WMT,retail,zero,9,2018-04-06,2018-07-05,0.01111967328924063,0.008669277083757962,,0.4444444444444444
WMT,retail,train_mean,9,2018-04-06,2018-07-05,0.011135898232713869,0.0087006975662389,0.4444444444444444,0.4444444444444444
WMT,retail,last_return,9,2018-04-06,2018-07-05,0.01725396388803416,0.013438977167188662,0.5,0.4444444444444444
WMT,retail,rolling_mean_20,9,2018-04-06,2018-07-05,0.011477431033033806,0.008956124412635828,0.42857142857142855,0.4444444444444444
WMT,retail,arima_101,9,2018-04-06,2018-07-05,0.011039126581938598,0.008573688536462495,0.5714285714285714,0.4444444444444444
WMT,retail,lstm,9,2018-04-06,2018-07-05,0.010997479219954153,0.008510489009309188,0.5555555555555556,0.4444444444444444
WMT,retail,zero,10,2018-07-06,2018-10-03,0.01348322197662616,0.00735168351189972,,0.4603174603174603
WMT,retail,train_mean,10,2018-07-06,2018-10-03,0.013452771559287209,0.007371313378794668,0.4603174603174603,0.4603174603174603
WMT,retail,last_return,10,2018-07-06,2018-10-03,0.02044860650744437,0.011949504511210157,0.3492063492063492,0.4603174603174603
WMT,retail,rolling_mean_20,10,2018-07-06,2018-10-03,0.013811382671289462,0.008237061537190811,0.4126984126984127,0.4603174603174603
WMT,retail,arima_101,10,2018-07-06,2018-10-03,0.013382162897181915,0.007260142607195027,0.6031746031746031,0.4603174603174603
WMT,retail,lstm,10,2018-07-06,2018-10-03,0.013309275878426634,0.007201848569674893,0.5238095238095238,0.4603174603174603
WMT,retail,zero,11,2018-10-04,2019-01-04,0.014738227256678848,0.011154269759559311,,0.5079365079365079
WMT,retail,train_mean,11,2018-10-04,2019-01-04,0.014742004882252639,0.011155891329718589,0.5079365079365079,0.5079365079365079
WMT,retail,last_return,11,2018-10-04,2019-01-04,0.02014902643499322,0.015699885323540597,0.5079365079365079,0.5079365079365079
WMT,retail,rolling_mean_20,11,2018-10-04,2019-01-04,0.015120335053563135,0.011166317632779244,0.49206349206349204,0.5079365079365079
WMT,retail,arima_101,11,2018-10-04,2019-01-04,0.014838151552433468,0.011338243634749433,0.47619047619047616,0.5079365079365079
WMT,retail,lstm,11,2018-10-04,2019-01-04,0.015079010831977118,0.01172691844936107,0.38095238095238093,0.5079365079365079
WMT,retail,zero,12,2019-01-07,2019-04-05,0.008968098623797523,0.00703540314466937,,0.5873015873015873
WMT,retail,train_mean,12,2019-01-07,2019-04-05,0.008940436761254502,0.006983001250111159,0.5873015873015873,0.5873015873015873
WMT,retail,last_return,12,2019-01-07,2019-04-05,0.013293264692971695,0.010446075711253715,0.4603174603174603,0.5873015873015873
WMT,retail,rolling_mean_20,12,2019-01-07,2019-04-05,0.00931455829464771,0.0072744513948908955,0.5238095238095238,0.5873015873015873
WMT,retail,arima_101,12,2019-01-07,2019-04-05,0.008926379884515345,0.006969025548960918,0.5714285714285714,0.5873015873015873
WMT,retail,lstm,12,2019-01-07,2019-04-05,0.008958344996091059,0.007007279268415198,0.5714285714285714,0.5873015873015873
WMT,retail,zero,13,2019-04-08,2019-07-08,0.008274557595090304,0.006523175552497491,,0.6349206349206349
WMT,retail,train_mean,13,2019-04-08,2019-07-08,0.008194790952309426,0.006440139327544465,0.6349206349206349,0.6349206349206349
WMT,retail,last_return,13,2019-04-08,2019-07-08,0.011908781022955221,0.00909592002595776,0.49206349206349204,0.6349206349206349
WMT,retail,rolling_mean_20,13,2019-04-08,2019-07-08,0.008290027057605691,0.006386722896773603,0.6031746031746031,0.6349206349206349
WMT,retail,arima_101,13,2019-04-08,2019-07-08,0.008204616378208554,0.00648941220900508,0.5238095238095238,0.6349206349206349
WMT,retail,lstm,13,2019-04-08,2019-07-08,0.008240050114569783,0.006495248612958273,0.5555555555555556,0.6349206349206349
WMT,retail,zero,14,2019-07-09,2019-10-04,0.01183307181799224,0.007673838251452193,,0.5555555555555556
WMT,retail,train_mean,14,2019-07-09,2019-10-04,0.011811959164125337,0.007636441212734039,0.5555555555555556,0.5555555555555556
WMT,retail,last_return,14,2019-07-09,2019-10-04,0.01766480594083539,0.011258419153429997,0.5873015873015873,0.5555555555555556
WMT,retail,rolling_mean_20,14,2019-07-09,2019-10-04,0.012252286814566117,0.0079224850583008,0.49206349206349204,0.5555555555555556
WMT,retail,arima_101,14,2019-07-09,2019-10-04,0.011773966812794944,0.007666737177957393,0.5396825396825397,0.5555555555555556
WMT,retail,lstm,14,2019-07-09,2019-10-04,0.011838864576915457,0.007660088538860309,0.5555555555555556,0.5555555555555556
WMT,retail,zero,15,2019-10-07,2020-01-06,0.006285012641476054,0.004894795624007474,,0.5238095238095238
WMT,retail,train_mean,15,2019-10-07,2020-01-06,0.006298471500343283,0.004893375101589407,0.5238095238095238,0.5238095238095238
WMT,retail,last_return,15,2019-10-07,2020-01-06,0.010204279854493879,0.007944039662353145,0.4126984126984127,0.5238095238095238
WMT,retail,rolling_mean_20,15,2019-10-07,2020-01-06,0.006403004875058905,0.004955447312082571,0.42857142857142855,0.5238095238095238
WMT,retail,arima_101,15,2019-10-07,2020-01-06,0.006240968226893374,0.004840957493904716,0.5396825396825397,0.5238095238095238
WMT,retail,lstm,15,2019-10-07,2020-01-06,0.006274972270507066,0.004878156100745263,0.5396825396825397,0.5238095238095238
WMT,retail,zero,16,2020-01-07,2020-04-06,0.031358854528407386,0.01976193650767599,,0.5238095238095238
WMT,retail,train_mean,16,2020-01-07,2020-04-06,0.03134653301505,0.019752908616004813,0.5238095238095238,0.5238095238095238
WMT,retail,last_return,16,2020-01-07,2020-04-06,0.05066953670538532,0.03188189994393266,0.38095238095238093,0.5238095238095238
WMT,retail,rolling_mean_20,16,2020-01-07,2020-04-06,0.03206821384071092,0.020106835995349865,0.4603174603174603,0.5238095238095238
WMT,retail,arima_101,16,2020-01-07,2020-04-06,0.030985542057100773,0.019556225328665237,0.5873015873015873,0.5238095238095238
WMT,retail,lstm,16,2020-01-07,2020-04-06,0.03120575128631025,0.019712488377002322,0.5238095238095238,0.5238095238095238
WMT,retail,zero,17,2020-04-07,2020-07-07,0.015040552824315616,0.010218042321148472,,0.38095238095238093
WMT,retail,train_mean,17,2020-04-07,2020-07-07,0.015041480302363927,0.01031940084927796,0.38095238095238093,0.38095238095238093
WMT,retail,last_return,17,2020-04-07,2020-07-07,0.021532573943441703,0.014468210304049078,0.5555555555555556,0.38095238095238093
WMT,retail,rolling_mean_20,17,2020-04-07,2020-07-07,0.01566819224504515,0.010723086930365314,0.5396825396825397,0.38095238095238093
WMT,retail,arima_101,17,2020-04-07,2020-07-07,0.014983041283327218,0.010290510809930922,0.3968253968253968,0.38095238095238093
WMT,retail,lstm,17,2020-04-07,2020-07-07,0.014976711524283284,0.010150518870724476,0.47619047619047616,0.38095238095238093
WMT,retail,zero,18,2020-07-08,2020-10-05,0.015624157941468547,0.011107506736549103,,0.49206349206349204
WMT,retail,train_mean,18,2020-07-08,2020-10-05,0.01558101345127135,0.011118143015864678,0.49206349206349204,0.49206349206349204
WMT,retail,last_return,18,2020-07-08,2020-10-05,0.024771901909326436,0.017702690080970855,0.42857142857142855,0.49206349206349204
WMT,retail,rolling_mean_20,18,2020-07-08,2020-10-05,0.016154435493643298,0.012131566465789048,0.3968253968253968,0.49206349206349204
WMT,retail,arima_101,18,2020-07-08,2020-10-05,0.015509377916286402,0.011017625773909537,0.5555555555555556,0.49206349206349204
WMT,retail,lstm,18,2020-07-08,2020-10-05,0.015619747959488077,0.011128647535847061,0.49206349206349204,0.49206349206349204
WMT,retail,zero,19,2020-10-06,2021-01-05,0.009659058682203327,0.00773670413129495,,0.49206349206349204
WMT,retail,train_mean,19,2020-10-06,2021-01-05,0.00964646694851108,0.007754393269712755,0.49206349206349204,0.49206349206349204
WMT,retail,last_return,19,2020-10-06,2021-01-05,0.014565333273246262,0.011660110437795138,0.47619047619047616,0.49206349206349204
WMT,retail,rolling_mean_20,19,2020-10-06,2021-01-05,0.010176161484593372,0.007995327652249888,0.5555555555555556,0.49206349206349204
WMT,retail,arima_101,19,2020-10-06,2021-01-05,0.009559828547117963,0.007695005229828741,0.5238095238095238,0.49206349206349204
WMT,retail,lstm,19,2020-10-06,2021-01-05,0.009652005142942831,0.007805007965307489,0.49206349206349204,0.49206349206349204
WMT,retail,zero,20,2021-01-06,2021-04-07,0.013775962446991431,0.009784665093209794,,0.47619047619047616
WMT,retail,train_mean,20,2021-01-06,2021-04-07,0.01380378670805681,0.009806749383342105,0.47619047619047616,0.47619047619047616
WMT,retail,last_return,20,2021-01-06,2021-04-07,0.01980482875675607,0.014450071098860996,0.49206349206349204,0.47619047619047616
WMT,retail,rolling_mean_20,20,2021-01-06,2021-04-07,0.014098674236033878,0.010076766623563192,0.5238095238095238,0.47619047619047616
WMT,retail,arima_101,20,2021-01-06,2021-04-07,0.013847840647445913,0.009958354499675163,0.5238095238095238,0.47619047619047616
WMT,retail,lstm,20,2021-01-06,2021-04-07,0.013799947057621699,0.00979415802747485,0.5238095238095238,0.47619047619047616
WMT,retail,zero,21,2021-04-08,2021-07-07,0.009031559591335595,0.006592347899575527,,0.5079365079365079
WMT,retail,train_mean,21,2021-04-08,2021-07-07,0.009039387311779298,0.006617599952935186,0.5079365079365079,0.5079365079365079
WMT,retail,last_return,21,2021-04-08,2021-07-07,0.014332988922043885,0.010817204684873336,0.3968253968253968,0.5079365079365079
WMT,retail,rolling_mean_20,21,2021-04-08,2021-07-07,0.009383862776016086,0.00689356294819398,0.47619047619047616,0.5079365079365079
WMT,retail,arima_101,21,2021-04-08,2021-07-07,0.008850917782009136,0.006410411734857361,0.5079365079365079,0.5079365079365079
WMT,retail,lstm,21,2021-04-08,2021-07-07,0.009020584427954881,0.00656829506284477,0.5079365079365079,0.5079365079365079
WMT,retail,zero,22,2021-07-08,2021-10-05,0.007165397174395519,0.005468417790930092,,0.5079365079365079
WMT,retail,train_mean,22,2021-07-08,2021-10-05,0.007195086746194702,0.005473431434176787,0.5079365079365079,0.5079365079365079
WMT,retail,last_return,22,2021-07-08,2021-10-05,0.00968290091112368,0.007933917651853618,0.4444444444444444,0.5079365079365079
WMT,retail,rolling_mean_20,22,2021-07-08,2021-10-05,0.007054310249672192,0.005459553144723302,0.6190476190476191,0.5079365079365079
WMT,retail,arima_101,22,2021-07-08,2021-10-05,0.007297801381653613,0.005480673380913181,0.5238095238095238,0.5079365079365079
WMT,retail,lstm,22,2021-07-08,2021-10-05,0.00727003290116957,0.005500936002714908,0.49206349206349204,0.5079365079365079
WMT,retail,zero,23,2021-10-06,2022-01-04,0.011177158964173664,0.009011268826316048,,0.5714285714285714
WMT,retail,train_mean,23,2021-10-06,2022-01-04,0.011160080123479223,0.008954124007720438,0.5714285714285714,0.5714285714285714
WMT,retail,last_return,23,2021-10-06,2022-01-04,0.012007885205319131,0.009223567991283469,0.6031746031746031,0.5714285714285714
WMT,retail,rolling_mean_20,23,2021-10-06,2022-01-04,0.01203836653468672,0.009713919765613045,0.4126984126984127,0.5714285714285714
WMT,retail,arima_101,23,2021-10-06,2022-01-04,0.01165418128449882,0.009307889858994169,0.38095238095238093,0.5714285714285714
WMT,retail,lstm,23,2021-10-06,2022-01-04,0.011122541447012696,0.008948338911542232,0.5396825396825397,0.5714285714285714
WMT,retail,zero,24,2022-01-05,2022-04-05,0.011899295082504395,0.009258938755093888,,0.5079365079365079
WMT,retail,train_mean,24,2022-01-05,2022-04-05,0.01186903030680528,0.009275824906567979,0.5079365079365079,0.5079365079365079
WMT,retail,last_return,24,2022-01-05,2022-04-05,0.016627188799760172,0.013260421552435713,0.47619047619047616,0.5079365079365079
WMT,retail,rolling_mean_20,24,2022-01-05,2022-04-05,0.012056386597343632,0.009282158320823212,0.5079365079365079,0.5079365079365079
WMT,retail,arima_101,24,2022-01-05,2022-04-05,0.011958955523406324,0.009228950655724167,0.5396825396825397,0.5079365079365079
WMT,retail,lstm,24,2022-01-05,2022-04-05,0.011849990214783317,0.009277565715076382,0.47619047619047616,0.5079365079365079
WMT,retail,zero,25,2022-04-06,2022-07-07,0.022282652767054316,0.013841045718660473,,0.5079365079365079
WMT,retail,train_mean,25,2022-04-06,2022-07-07,0.022343058578644142,0.013834513913236708,0.5079365079365079,0.5079365079365079
WMT,retail,last_return,25,2022-04-06,2022-07-07,0.026643508770107335,0.019474506529046188,0.49206349206349204,0.5079365079365079
WMT,retail,rolling_mean_20,25,2022-04-06,2022-07-07,0.022563036950290157,0.01470269481194137,0.5238095238095238,0.5079365079365079
WMT,retail,arima_101,25,2022-04-06,2022-07-07,0.022978002770044453,0.01427616612425543,0.47619047619047616,0.5079365079365079
WMT,retail,lstm,25,2022-04-06,2022-07-07,0.022333536897226575,0.01382900828194273,0.5079365079365079,0.5079365079365079
WMT,retail,zero,26,2022-07-08,2022-10-05,0.017909374149510646,0.012144179317877013,,0.5873015873015873
WMT,retail,train_mean,26,2022-07-08,2022-10-05,0.01789364772625579,0.012085306972997716,0.5873015873015873,0.5873015873015873
WMT,retail,last_return,26,2022-07-08,2022-10-05,0.025894172200189105,0.017408891005638652,0.5714285714285714,0.5873015873015873
WMT,retail,rolling_mean_20,26,2022-07-08,2022-10-05,0.018218956191015653,0.012091947175699704,0.5714285714285714,0.5873015873015873
WMT,retail,arima_101,26,2022-07-08,2022-10-05,0.01788383703281438,0.012151405187140373,0.5238095238095238,0.5873015873015873
WMT,retail,lstm,26,2022-07-08,2022-10-05,0.017872561333133072,0.012095027608021645,0.6031746031746031,0.5873015873015873
WMT,retail,zero,27,2022-10-06,2023-01-05,0.013916963263775619,0.009645886666789531,,0.5555555555555556
WMT,retail,train_mean,27,2022-10-06,2023-01-05,0.013889627419487436,0.009609070528819796,0.5555555555555556,0.5555555555555556
WMT,retail,last_return,27,2022-10-06,2023-01-05,0.021181050781264685,0.014647910638758635,0.49206349206349204,0.5555555555555556
WMT,retail,rolling_mean_20,27,2022-10-06,2023-01-05,0.014195095977173318,0.010041460019355356,0.49206349206349204,0.5555555555555556
WMT,retail,arima_101,27,2022-10-06,2023-01-05,0.013794647245973414,0.009609746077711036,0.5238095238095238,0.5555555555555556
WMT,retail,lstm,27,2022-10-06,2023-01-05,0.013945465128958237,0.009675817315404102,0.47619047619047616,0.5555555555555556
WMT,retail,zero,28,2023-01-06,2023-04-06,0.010320687063565485,0.008718765708799566,,0.5396825396825397
WMT,retail,train_mean,28,2023-01-06,2023-04-06,0.010295486771992766,0.008688872366298483,0.5396825396825397,0.5396825396825397
WMT,retail,last_return,28,2023-01-06,2023-04-06,0.01407061212414658,0.011456648286623364,0.4444444444444444,0.5396825396825397
WMT,retail,rolling_mean_20,28,2023-01-06,2023-04-06,0.010548517954506832,0.008812729410284608,0.4838709677419355,0.5396825396825397
WMT,retail,arima_101,28,2023-01-06,2023-04-06,0.0103494344177273,0.008690186411410459,0.49206349206349204,0.5396825396825397
WMT,retail,lstm,28,2023-01-06,2023-04-06,0.010290215272014644,0.00866798316249459,0.5079365079365079,0.5396825396825397
WMT,retail,zero,29,2023-04-10,2023-07-10,0.007380456538155746,0.005901970812307807,,0.5238095238095238
WMT,retail,train_mean,29,2023-04-10,2023-07-10,0.007365187199244988,0.00588345253314647,0.5238095238095238,0.5238095238095238
WMT,retail,last_return,29,2023-04-10,2023-07-10,0.00959235528978558,0.0073369885519739605,0.5555555555555556,0.5238095238095238
WMT,retail,rolling_mean_20,29,2023-04-10,2023-07-10,0.00788489397892177,0.006281833173190002,0.47619047619047616,0.5238095238095238
WMT,retail,arima_101,29,2023-04-10,2023-07-10,0.0074365460462121865,0.005930728542236357,0.49206349206349204,0.5238095238095238
WMT,retail,lstm,29,2023-04-10,2023-07-10,0.007349135844187935,0.0058649124057875614,0.5396825396825397,0.5238095238095238
CAT,industrials,zero,0,2016-01-05,2016-04-05,0.021442047335903318,0.017356282021131004,,0.5555555555555556
CAT,industrials,train_mean,0,2016-01-05,2016-04-05,0.021470495563959947,0.01739086013628888,0.4444444444444444,0.5555555555555556
CAT,industrials,last_return,0,2016-01-05,2016-04-05,0.03013738625368009,0.023302617108845992,0.5396825396825397,0.5555555555555556
CAT,industrials,rolling_mean_20,0,2016-01-05,2016-04-05,0.02182881242415776,0.017502146936305644,0.5873015873015873,0.5555555555555556
CAT,industrials,arima_101,0,2016-01-05,2016-04-05,0.021471093168315955,0.017386419799441874,0.4444444444444444,0.5555555555555556
CAT,industrials,lstm,0,2016-01-05,2016-04-05,0.021525023330595226,0.017393435896288275,0.4444444444444444,0.5555555555555556
CAT,industrials,zero,1,2016-04-06,2016-07-05,0.017098801113347318,0.012637014233047021,,0.5238095238095238
CAT,industrials,train_mean,1,2016-04-06,2016-07-05,0.017099197814643682,0.012644078849559887,0.47619047619047616,0.5238095238095238
CAT,industrials,last_return,1,2016-04-06,2016-07-05,0.022582661927521744,0.01576420416343383,0.5555555555555556,0.5238095238095238
CAT,industrials,rolling_mean_20,1,2016-04-06,2016-07-05,0.01763996932594274,0.013120296118799087,0.49206349206349204,0.5238095238095238
CAT,industrials,arima_101,1,2016-04-06,2016-07-05,0.017152004693579755,0.012732911667657828,0.5079365079365079,0.5238095238095238
CAT,industrials,lstm,1,2016-04-06,2016-07-05,0.017060298821817223,0.012596560718494838,0.47619047619047616,0.5238095238095238
CAT,industrials,zero,2,2016-07-06,2016-10-03,0.013538281507348343,0.009304063680348378,,0.5238095238095238
CAT,industrials,train_mean,2,2016-07-06,2016-10-03,0.013568621132678677,0.009310720471687744,0.47619047619047616,0.5238095238095238
CAT,industrials,last_return,2,2016-07-06,2016-10-03,0.019162836445383902,0.014422541509143665,0.49206349206349204,0.5238095238095238
CAT,industrials,rolling_mean_20,2,2016-07-06,2016-10-03,0.013710071297094164,0.009725650348659416,0.3968253968253968,0.5238095238095238
CAT,industrials,arima_101,2,2016-07-06,2016-10-03,0.013567720974293145,0.009279322752208033,0.5555555555555556,0.5238095238095238
CAT,industrials,lstm,2,2016-07-06,2016-10-03,0.013537812009454999,0.009224881610600533,0.5873015873015873,0.5238095238095238
CAT,industrials,zero,3,2016-10-04,2017-01-03,0.014553860534190678,0.010315796032167887,,0.4603174603174603
CAT,industrials,train_mean,3,2016-10-04,2017-01-03,0.014549235453606452,0.010320634945388924,0.4603174603174603,0.4603174603174603
CAT,industrials,last_return,3,2016-10-04,2017-01-03,0.018655915703119374,0.014358393188995029,0.5079365079365079,0.4603174603174603
CAT,industrials,rolling_mean_20,3,2016-10-04,2017-01-03,0.015250966876806242,0.011320019372856262,0.36507936507936506,0.4603174603174603
CAT,industrials,arima_101,3,2016-10-04,2017-01-03,0.014611048747010467,0.010348409403014349,0.5238095238095238,0.4603174603174603
CAT,industrials,lstm,3,2016-10-04,2017-01-03,0.014477233741621305,0.010274168892255886,0.49206349206349204,0.4603174603174603
CAT,industrials,zero,4,2017-01-04,2017-04-04,0.013917697507920134,0.010568274441922921,,0.47619047619047616
CAT,industrials,train_mean,4,2017-01-04,2017-04-04,0.013916862378269565,0.010574372328537564,0.47619047619047616,0.47619047619047616
CAT,industrials,last_return,4,2017-01-04,2017-04-04,0.021274255400781813,0.0166003580278663,0.3387096774193548,0.47619047619047616
CAT,industrials,rolling_mean_20,4,2017-01-04,2017-04-04,0.014413039119751343,0.010964444819710487,0.4603174603174603,0.47619047619047616
CAT,industrials,arima_101,4,2017-01-04,2017-04-04,0.013943840280623216,0.010605591184009796,0.47619047619047616,0.47619047619047616
CAT,industrials,lstm,4,2017-01-04,2017-04-04,0.013904247021196565,0.01056915900976138,0.5238095238095238,0.47619047619047616
CAT,industrials,zero,5,2017-04-05,2017-07-05,0.0150658758331562,0.009664913718302495,,0.5238095238095238
CAT,industrials,train_mean,5,2017-04-05,2017-07-05,0.0150471660334367,0.009658740942739635,0.5238095238095238,0.5238095238095238
CAT,industrials,last_return,5,2017-04-05,2017-07-05,0.020167242896658125,0.015415578479433553,0.4603174603174603,0.5238095238095238
CAT,industrials,rolling_mean_20,5,2017-04-05,2017-07-05,0.015359896230917037,0.01054975271308249,0.42857142857142855,0.5238095238095238
CAT,industrials,arima_101,5,2017-04-05,2017-07-05,0.015092887111488781,0.009635696269353356,0.49206349206349204,0.5238095238095238
CAT,industrials,lstm,5,2017-04-05,2017-07-05,0.014972107394982666,0.009651564032376337,0.5238095238095238,0.5238095238095238
CAT,industrials,zero,6,2017-07-06,2017-10-03,0.01027968752323762,0.006570606278231238,,0.5873015873015873
CAT,industrials,train_mean,6,2017-07-06,2017-10-03,0.010220685336907755,0.006540564943287366,0.5873015873015873,0.5873015873015873
CAT,industrials,last_return,6,2017-07-06,2017-10-03,0.014555634826353215,0.010322755624556779,0.4603174603174603,0.5873015873015873
CAT,industrials,rolling_mean_20,6,2017-07-06,2017-10-03,0.010094047659268753,0.0068671578995812286,0.5873015873015873,0.5873015873015873
CAT,industrials,arima_101,6,2017-07-06,2017-10-03,0.01022240164551388,0.006544492812873946,0.5873015873015873,0.5873015873015873
CAT,industrials,lstm,6,2017-07-06,2017-10-03,0.010298456899805537,0.0066915673167460546,0.4126984126984127,0.5873015873015873
CAT,industrials,zero,7,2017-10-04,2018-01-03,0.011562322023595136,0.00803161186491474,,0.6825396825396826
CAT,industrials,train_mean,7,2017-10-04,2018-01-03,0.01145027629489497,0.007896899014760369,0.6825396825396826,0.6825396825396826
CAT,industrials,last_return,7,2017-10-04,2018-01-03,0.01729199887483105,0.011809547215127624,0.5555555555555556,0.6825396825396826
CAT,industrials,rolling_mean_20,7,2017-10-04,2018-01-03,0.011313174784438135,0.007525950487035494,0.6507936507936508,0.6825396825396826
CAT,industrials,arima_101,7,2017-10-04,2018-01-03,0.01144722935775931,0.007894707618430039,0.6825396825396826,0.6825396825396826
CAT,industrials,lstm,7,2017-10-04,2018-01-03,0.011695593133150297,0.008170755023916825,0.3333333333333333,0.6825396825396826
CAT,industrials,zero,8,2018-01-04,2018-04-05,0.021166333836162895,0.01718075188013596,,0.5238095238095238
CAT,industrials,train_mean,8,2018-01-04,2018-04-05,0.021195237956669284,0.017155294812428296,0.5238095238095238,0.5238095238095238
CAT,industrials,last_return,8,2018-01-04,2018-04-05,0.029059879795004292,0.022096423838992952,0.5555555555555556,0.5238095238095238
CAT,industrials,rolling_mean_20,8,2018-01-04,2018-04-05,0.021846492317321907,0.017897803578509307,0.4126984126984127,0.5238095238095238
CAT,industrials,arima_101,8,2018-01-04,2018-04-05,0.02125347340996487,0.017207976869751087,0.5238095238095238,0.5238095238095238
CAT,industrials,lstm,8,2018-01-04,2018-04-05,0.02119029985511517,0.01713598673588676,0.5238095238095238,0.5238095238095238
CAT,industrials,zero,9,2018-04-06,2018-07-05,0.01633295129708926,0.011988931694235557,,0.5079365079365079
CAT,industrials,train_mean,9,2018-04-06,2018-07-05,0.016376735426608415,0.011983160907606231,0.5079365079365079,0.5079365079365079
CAT,industrials,last_return,9,2018-04-06,2018-07-05,0.024205627030909994,0.019142188534791504,0.4603174603174603,0.5079365079365079
CAT,industrials,rolling_mean_20,9,2018-04-06,2018-07-05,0.016763687399476875,0.012251144391105343,0.5396825396825397,0.5079365079365079
CAT,industrials,arima_101,9,2018-04-06,2018-07-05,0.01640923981292615,0.01204506335662374,0.49206349206349204,0.5079365079365079
CAT,industrials,lstm,9,2018-04-06,2018-07-05,0.01637308126588877,0.012075755425411052,0.5238095238095238,0.5079365079365079
CAT,industrials,zero,10,2018-07-06,2018-10-03,0.015862811295674857,0.012316326890785033,,0.5079365079365079
CAT,industrials,train_mean,10,2018-07-06,2018-10-03,0.01580590939935409,0.012318311306424341,0.5079365079365079,0.5079365079365079
CAT,industrials,last_return,10,2018-07-06,2018-10-03,0.02226629344261915,0.01744829454848807,0.49206349206349204,0.5079365079365079
CAT,industrials,rolling_mean_20,10,2018-07-06,2018-10-03,0.016368545480878634,0.012961686796299545,0.47619047619047616,0.5079365079365079
CAT,industrials,arima_101,10,2018-07-06,2018-10-03,0.015817527754195895,0.012311840505378127,0.5238095238095238,0.5079365079365079
CAT,industrials,lstm,10,2018-07-06,2018-10-03,0.015814974786480255,0.012309701505773448,0.5079365079365079,0.5079365079365079
CAT,industrials,zero,11,2018-10-04,2019-01-04,0.028246707574892223,0.021819316295768377,,0.4126984126984127
CAT,industrials,train_mean,11,2018-10-04,2019-01-04,0.028305847568520535,0.021910047366459587,0.4126984126984127,0.4126984126984127
CAT,industrials,last_return,11,2018-10-04,2019-01-04,0.03601380528097009,0.0280515769445797,0.5238095238095238,0.4126984126984127
CAT,industrials,rolling_mean_20,11,2018-10-04,2019-01-04,0.02928816880285127,0.023009641131607743,0.5238095238095238,0.4126984126984127
CAT,industrials,arima_101,11,2018-10-04,2019-01-04,0.02824872378503001,0.021842193190162448,0.4603174603174603,0.4126984126984127
CAT,industrials,lstm,11,2018-10-04,2019-01-04,0.028124301521675162,0.021690431841067455,0.5079365079365079,0.4126984126984127
CAT,industrials,zero,12,2019-01-07,2019-04-05,0.019422579075194447,0.01323550774210825,,0.5555555555555556
CAT,industrials,train_mean,12,2019-01-07,2019-04-05,0.019399430082193556,0.013199434379700684,0.5555555555555556,0.5555555555555556
CAT,industrials,last_return,12,2019-01-07,2019-04-05,0.030724694006294025,0.02131036888620267,0.4603174603174603,0.5555555555555556
CAT,industrials,rolling_mean_20,12,2019-01-07,2019-04-05,0.020011810203351722,0.013714866955438703,0.4126984126984127,0.5555555555555556
CAT,industrials,arima_101,12,2019-01-07,2019-04-05,0.01954980121936371,0.013336641922354764,0.5714285714285714,0.5555555555555556
CAT,industrials,lstm,12,2019-01-07,2019-04-05,0.01947309726954937,0.013270944787994825,0.47619047619047616,0.5555555555555556
CAT,industrials,zero,13,2019-04-08,2019-07-08,0.013742795987231615,0.010049905570394441,,0.5238095238095238
CAT,industrials,train_mean,13,2019-04-08,2019-07-08,0.013762560480912107,0.010032118477315239,0.5238095238095238,0.5238095238095238
CAT,industrials,last_return,13,2019-04-08,2019-07-08,0.01982573105812743,0.014539830626542455,0.5714285714285714,0.5238095238095238
CAT,industrials,rolling_mean_20,13,2019-04-08,2019-07-08,0.014200585986993829,0.010790469840883679,0.5238095238095238,0.5238095238095238
CAT,industrials,arima_101,13,2019-04-08,2019-07-08,0.013775419592836985,0.010024424289580459,0.5238095238095238,0.5238095238095238
CAT,industrials,lstm,13,2019-04-08,2019-07-08,0.014662037797736989,0.011076066832504948,0.3968253968253968,0.5238095238095238
CAT,industrials,zero,14,2019-07-09,2019-10-04,0.01774413879052813,0.014282562228957536,,0.47619047619047616
CAT,industrials,train_mean,14,2019-07-09,2019-10-04,0.017777692415301152,0.014298674489940585,0.47619047619047616,0.47619047619047616
CAT,industrials,last_return,14,2019-07-09,2019-10-04,0.024860237961000897,0.020263739815991458,0.4126984126984127,0.47619047619047616
CAT,industrials,rolling_mean_20,14,2019-07-09,2019-10-04,0.018493430280656756,0.015571593626134117,0.4126984126984127,0.47619047619047616
CAT,industrials,arima_101,14,2019-07-09,2019-10-04,0.017778762982513446,0.014343759866147228,0.4444444444444444,0.47619047619047616
CAT,industrials,lstm,14,2019-07-09,2019-10-04,0.017847202511151065,0.01426555642209438,0.5079365079365079,0.47619047619047616
CAT,industrials,zero,15,2019-10-07,2020-01-06,0.014636321687102261,0.010811072179327964,,0.5396825396825397
CAT,industrials,train_mean,15,2019-10-07,2020-01-06,0.014577508902460134,0.010789892900164353,0.5396825396825397,0.5396825396825397
CAT,industrials,last_return,15,2019-10-07,2020-01-06,0.020151525041806496,0.015545934859407732,0.5396825396825397,0.5396825396825397
CAT,industrials,rolling_mean_20,15,2019-10-07,2020-01-06,0.015361601247585961,0.011773483519730373,0.42857142857142855,0.5396825396825397
CAT,industrials,arima_101,15,2019-10-07,2020-01-06,0.014562435555020821,0.01081698374028526,0.49206349206349204,0.5396825396825397
CAT,industrials,lstm,15,2019-10-07,2020-01-06,0.014590230569691415,0.010825890012810903,0.5079365079365079,0.5396825396825397
CAT,industrials,zero,16,2020-01-07,2020-04-06,0.039936128220275424,0.028163180090085296,,0.4603174603174603
CAT,industrials,train_mean,16,2020-01-07,2020-04-06,0.03996808631875405,0.02819310589645922,0.4603174603174603,0.4603174603174603
CAT,industrials,last_return,16,2020-01-07,2020-04-06,0.06188949931890933,0.04374495157031981,0.4444444444444444,0.4603174603174603
CAT,industrials,rolling_mean_20,16,2020-01-07,2020-04-06,0.041174085667840504,0.02917320699894331,0.49206349206349204,0.4603174603174603
CAT,industrials,arima_101,16,2020-01-07,2020-04-06,0.040073715552187326,0.0283010313003393,0.4603174603174603,0.4603174603174603
CAT,industrials,lstm,16,2020-01-07,2020-04-06,0.040160260567028754,0.028375226134801538,0.38095238095238093,0.4603174603174603
CAT,industrials,zero,17,2020-04-07,2020-07-07,0.029986630267343894,0.023533089840745782,,0.5396825396825397
CAT,industrials,train_mean,17,2020-04-07,2020-07-07,0.029979127958798934,0.023512946922059227,0.5396825396825397,0.5396825396825397
CAT,industrials,last_return,17,2020-04-07,2020-07-07,0.042707032749768614,0.03371297398680621,0.5396825396825397,0.5396825396825397
CAT,industrials,rolling_mean_20,17,2020-04-07,2020-07-07,0.031683333953274606,0.023778334172430998,0.5079365079365079,0.5396825396825397
CAT,industrials,arima_101,17,2020-04-07,2020-07-07,0.0299895952990377,0.02346037519675895,0.5238095238095238,0.5396825396825397
CAT,industrials,lstm,17,2020-04-07,2020-07-07,0.029883970873073068,0.023610151444394833,0.47619047619047616,0.5396825396825397
CAT,industrials,zero,18,2020-07-08,2020-10-05,0.017989230326161603,0.013925140236099417,,0.5714285714285714
CAT,industrials,train_mean,18,2020-07-08,2020-10-05,0.017943229495833043,0.013885266846689403,0.5714285714285714,0.5714285714285714
CAT,industrials,last_return,18,2020-07-08,2020-10-05,0.025487776433806876,0.020333564770022555,0.47619047619047616,0.5714285714285714
CAT,industrials,rolling_mean_20,18,2020-07-08,2020-10-05,0.018201319128909228,0.013978230487936897,0.5396825396825397,0.5714285714285714
CAT,industrials,arima_101,18,2020-07-08,2020-10-05,0.017939539521560022,0.013816640188010525,0.5873015873015873,0.5714285714285714
CAT,industrials,lstm,18,2020-07-08,2020-10-05,0.017863494466468368,0.013822948454812186,0.6031746031746031,0.5714285714285714
CAT,industrials,zero,19,2020-10-06,2021-01-05,0.02072457341737805,0.014743546492621247,,0.5873015873015873
CAT,industrials,train_mean,19,2020-10-06,2021-01-05,0.020675253330607574,0.01467892084915078,0.5873015873015873,0.5873015873015873
CAT,industrials,last_return,19,2020-10-06,2021-01-05,0.03175947947625143,0.02168585737920791,0.42857142857142855,0.5873015873015873
CAT,industrials,rolling_mean_20,19,2020-10-06,2021-01-05,0.021281453142641887,0.015122398445142,0.5873015873015873,0.5873015873015873
CAT,industrials,arima_101,19,2020-10-06,2021-01-05,0.020629197204014394,0.01470467806430983,0.5396825396825397,0.5873015873015873
CAT,industrials,lstm,19,2020-10-06,2021-01-05,0.02063315614616411,0.014696431853159289,0.5714285714285714,0.5873015873015873
CAT,industrials,zero,20,2021-01-06,2021-04-07,0.019137063583739018,0.013986450485969753,,0.5396825396825397
CAT,industrials,train_mean,20,2021-01-06,2021-04-07,0.019055424439685376,0.013960092867446084,0.5396825396825397,0.5396825396825397
CAT,industrials,last_return,20,2021-01-06,2021-04-07,0.027715212258930227,0.02272053697964861,0.4444444444444444,0.5396825396825397
CAT,industrials,rolling_mean_20,20,2021-01-06,2021-04-07,0.019727456068803613,0.014672210753457208,0.47619047619047616,0.5396825396825397
CAT,industrials,arima_101,20,2021-01-06,2021-04-07,0.019093741677259756,0.013925519642657733,0.5873015873015873,0.5396825396825397
CAT,industrials,lstm,20,2021-01-06,2021-04-07,0.019120720389716555,0.013971332598202987,0.49206349206349204,0.5396825396825397
CAT,industrials,zero,21,2021-04-08,2021-07-07,0.01334047898668317,0.009983784965464556,,0.5396825396825397
CAT,industrials,train_mean,21,2021-04-08,2021-07-07,0.013394827621365029,0.009957092272495544,0.5396825396825397,0.5396825396825397
CAT,industrials,last_return,21,2021-04-08,2021-07-07,0.01793347430551489,0.014696415662609971,0.4126984126984127,0.5396825396825397
CAT,industrials,rolling_mean_20,21,2021-04-08,2021-07-07,0.013603485273884467,0.010313524688368447,0.5396825396825397,0.5396825396825397
CAT,industrials,arima_101,21,2021-04-08,2021-07-07,0.013415067503058653,0.009948209604274791,0.5396825396825397,0.5396825396825397
CAT,industrials,lstm,21,2021-04-08,2021-07-07,0.01331100245264017,0.00996834255578741,0.5714285714285714,0.5396825396825397
CAT,industrials,zero,22,2021-07-08,2021-10-05,0.015628458688719017,0.012745131089698726,,0.4444444444444444
CAT,industrials,train_mean,22,2021-07-08,2021-10-05,0.015689237298755775,0.012800859217167004,0.4444444444444444,0.4444444444444444
CAT,industrials,last_return,22,2021-07-08,2021-10-05,0.020581599430870307,0.01688249375723205,0.5714285714285714,0.4444444444444444
CAT,industrials,rolling_mean_20,22,2021-07-08,2021-10-05,0.01616928652537354,0.01331183701146139,0.42857142857142855,0.4444444444444444
CAT,industrials,arima_101,22,2021-07-08,2021-10-05,0.015712179029739624,0.01286062841837947,0.4444444444444444,0.4444444444444444
CAT,industrials,lstm,22,2021-07-08,2021-10-05,0.01574623658174696,0.012822778048667901,0.42857142857142855,0.4444444444444444
CAT,industrials,zero,23,2021-10-06,2022-01-04,0.016764309988874942,0.012736961715204834,,0.5238095238095238
CAT,industrials,train_mean,23,2021-10-06,2022-01-04,0.01671572472118872,0.012723738809586771,0.5238095238095238,0.5238095238095238
CAT,industrials,last_return,23,2021-10-06,2022-01-04,0.021548304993278273,0.015218202874236038,0.6031746031746031,0.5238095238095238
CAT,industrials,rolling_mean_20,23,2021-10-06,2022-01-04,0.017257287301586596,0.012881313815052213,0.5079365079365079,0.5238095238095238
CAT,industrials,arima_101,23,2021-10-06,2022-01-04,0.016744479081727444,0.012747875875473396,0.5238095238095238,0.5238095238095238
CAT,industrials,lstm,23,2021-10-06,2022-01-04,0.016683693297159213,0.012688305586757449,0.49206349206349204,0.5238095238095238
CAT,industrials,zero,24,2022-01-05,2022-04-05,0.017926501513341967,0.012163813593741716,,0.5079365079365079
CAT,industrials,train_mean,24,2022-01-05,2022-04-05,0.01793506931142279,0.01216579933044797,0.5079365079365079,0.5079365079365079
CAT,industrials,last_return,24,2022-01-05,2022-04-05,0.02436564397867073,0.017647791669585005,0.5714285714285714,0.5079365079365079
CAT,industrials,rolling_mean_20,24,2022-01-05,2022-04-05,0.018829706829901066,0.013003168553532894,0.47619047619047616,0.5079365079365079
CAT,industrials,arima_101,24,2022-01-05,2022-04-05,0.018023719082174806,0.012266407473699935,0.38095238095238093,0.5079365079365079
CAT,industrials,lstm,24,2022-01-05,2022-04-05,0.017929650514349884,0.012126443774354104,0.47619047619047616,0.5079365079365079
CAT,industrials,zero,25,2022-04-06,2022-07-07,0.024200059269045636,0.018459400954044334,,0.5079365079365079
CAT,industrials,train_mean,25,2022-04-06,2022-07-07,0.02425886846925268,0.0184519363334084,0.5079365079365079,0.5079365079365079
CAT,industrials,last_return,25,2022-04-06,2022-07-07,0.031967761463602924,0.02414085405352532,0.6031746031746031,0.5079365079365079
CAT,industrials,rolling_mean_20,25,2022-04-06,2022-07-07,0.024873118372041366,0.01872678652222868,0.5396825396825397,0.5079365079365079
CAT,industrials,arima_101,25,2022-04-06,2022-07-07,0.024255135419500903,0.018447044285934983,0.5079365079365079,0.5079365079365079
CAT,industrials,lstm,25,2022-04-06,2022-07-07,0.024202603949855288,0.018418513552726962,0.5714285714285714,0.5079365079365079
CAT,industrials,zero,26,2022-07-08,2022-10-05,0.021756459477797852,0.016579843722423507,,0.4603174603174603
CAT,industrials,train_mean,26,2022-07-08,2022-10-05,0.02176087859947207,0.016610347438170046,0.4603174603174603,0.4603174603174603
CAT,industrials,last_return,26,2022-07-08,2022-10-05,0.03011946049751824,0.02422581219294579,0.5714285714285714,0.4603174603174603
CAT,industrials,rolling_mean_20,26,2022-07-08,2022-10-05,0.02232099833055758,0.01668265854574206,0.5714285714285714,0.4603174603174603
CAT,industrials,arima_101,26,2022-07-08,2022-10-05,0.02175872649626678,0.0165836044474672,0.5396825396825397,0.4603174603174603
CAT,industrials,lstm,26,2022-07-08,2022-10-05,0.021691305507940156,0.016614738378516413,0.47619047619047616,0.4603174603174603
CAT,industrials,zero,27,2022-10-06,2023-01-05,0.018680485775348223,0.013492008670256456,,0.6031746031746031
CAT,industrials,train_mean,27,2022-10-06,2023-01-05,0.018587449742031803,0.01342553613135779,0.6031746031746031,0.6031746031746031
CAT,industrials,last_return,27,2022-10-06,2023-01-05,0.0258654132571161,0.019725202379098063,0.42857142857142855,0.6031746031746031
CAT,industrials,rolling_mean_20,27,2022-10-06,2023-01-05,0.018489546112646565,0.014188376294896112,0.49206349206349204,0.6031746031746031
CAT,industrials,arima_101,27,2022-10-06,2023-01-05,0.018587936348874623,0.01345109367310587,0.5555555555555556,0.6031746031746031
CAT,industrials,lstm,27,2022-10-06,2023-01-05,0.01870533621656775,0.013510468673908175,0.49206349206349204,0.6031746031746031
CAT,industrials,zero,28,2023-01-06,2023-04-06,0.019445396489371984,0.015338963913322698,,0.5238095238095238
CAT,industrials,train_mean,28,2023-01-06,2023-04-06,0.01950430413190037,0.015323269230551124,0.5238095238095238,0.5238095238095238
CAT,industrials,last_return,28,2023-01-06,2023-04-06,0.02508057706753288,0.02059628278444169,0.5238095238095238,0.5238095238095238
CAT,industrials,rolling_mean_20,28,2023-01-06,2023-04-06,0.01966420120263853,0.01575695561904443,0.5238095238095238,0.5238095238095238
CAT,industrials,arima_101,28,2023-01-06,2023-04-06,0.019519167037540124,0.015334749204795158,0.5238095238095238,0.5238095238095238
CAT,industrials,lstm,28,2023-01-06,2023-04-06,0.019395404146164055,0.01521520952251856,0.5873015873015873,0.5238095238095238
CAT,industrials,zero,29,2023-04-10,2023-07-10,0.017528914513298577,0.012836596199711652,,0.5079365079365079
CAT,industrials,train_mean,29,2023-04-10,2023-07-10,0.017465649566220313,0.012834410221482045,0.5079365079365079,0.5079365079365079
CAT,industrials,last_return,29,2023-04-10,2023-07-10,0.025241159574451867,0.018237440082623395,0.5079365079365079,0.5079365079365079
CAT,industrials,rolling_mean_20,29,2023-04-10,2023-07-10,0.018058905147314765,0.013035200517102816,0.5238095238095238,0.5079365079365079
CAT,industrials,arima_101,29,2023-04-10,2023-07-10,0.017484896299370365,0.012829824324224103,0.49206349206349204,0.5079365079365079
CAT,industrials,lstm,29,2023-04-10,2023-07-10,0.017449898501104993,0.012896875777567639,0.49206349206349204,0.5079365079365079
NEE,utilities,zero,0,2016-01-05,2016-04-05,0.010858223222741914,0.007984748222378317,,0.6031746031746031
NEE,utilities,train_mean,0,2016-01-05,2016-04-05,0.01076163163111771,0.007886202419995806,0.6031746031746031,0.6031746031746031
NEE,utilities,last_return,0,2016-01-05,2016-04-05,0.015150149465847123,0.011502950734094734,0.49206349206349204,0.6031746031746031
NEE,utilities,rolling_mean_20,0,2016-01-05,2016-04-05,0.01109615166771686,0.007853547812993343,0.6031746031746031,0.6031746031746031
NEE,utilities,arima_101,0,2016-01-05,2016-04-05,0.010760557433864882,0.007898372164701448,0.6031746031746031,0.6031746031746031
NEE,utilities,lstm,0,2016-01-05,2016-04-05,0.011044167301422051,0.008225115893121039,0.42857142857142855,0.6031746031746031
NEE,utilities,zero,1,2016-04-06,2016-07-05,0.009662135299769779,0.007299378090284842,,0.6031746031746031
NEE,utilities,train_mean,1,2016-04-06,2016-07-05,0.009538388842818425,0.0072117973794948225,0.6031746031746031,0.6031746031746031
NEE,utilities,last_return,1,2016-04-06,2016-07-05,0.014640980527294132,0.011823265105885793,0.38095238095238093,0.6031746031746031
NEE,utilities,rolling_mean_20,1,2016-04-06,2016-07-05,0.009678282041908268,0.007562593070443039,0.4603174603174603,0.6031746031746031
NEE,utilities,arima_101,1,2016-04-06,2016-07-05,0.009525226710670756,0.007187911252354769,0.6031746031746031,0.6031746031746031
NEE,utilities,lstm,1,2016-04-06,2016-07-05,0.009566990081810361,0.007244483572516736,0.6031746031746031,0.6031746031746031
NEE,utilities,zero,2,2016-07-06,2016-10-03,0.010599694538908794,0.00797721881100893,,0.49206349206349204
NEE,utilities,train_mean,2,2016-07-06,2016-10-03,0.01071794658231424,0.00802807519259525,0.49206349206349204,0.49206349206349204
NEE,utilities,last_return,2,2016-07-06,2016-10-03,0.01573169166551422,0.011861164498517278,0.5,0.49206349206349204
NEE,utilities,rolling_mean_20,2,2016-07-06,2016-10-03,0.011061736743231063,0.008442905927822849,0.4126984126984127,0.49206349206349204
NEE,utilities,arima_101,2,2016-07-06,2016-10-03,0.010700165007046809,0.008015837082640021,0.49206349206349204,0.49206349206349204
NEE,utilities,lstm,2,2016-07-06,2016-10-03,0.010684520891193677,0.008021620199615368,0.4603174603174603,0.49206349206349204
NEE,utilities,zero,3,2016-10-04,2017-01-03,0.013757612901899259,0.009825014195553922,,0.5555555555555556
NEE,utilities,train_mean,3,2016-10-04,2017-01-03,0.013785142055288423,0.009779702929572441,0.5555555555555556,0.5555555555555556
NEE,utilities,last_return,3,2016-10-04,2017-01-03,0.01864968569972919,0.013627669186884113,0.4603174603174603,0.5555555555555556
NEE,utilities,rolling_mean_20,3,2016-10-04,2017-01-03,0.014351204773332467,0.010134781094031,0.5396825396825397,0.5555555555555556
NEE,utilities,arima_101,3,2016-10-04,2017-01-03,0.013787359570518333,0.009770227207107208,0.5555555555555556,0.5555555555555556
NEE,utilities,lstm,3,2016-10-04,2017-01-03,0.01372598989866924,0.0096932234965865,0.5396825396825397,0.5555555555555556
NEE,utilities,zero,4,2017-01-04,2017-04-04,0.00815685857860923,0.006253557815698944,,0.5873015873015873
NEE,utilities,train_mean,4,2017-01-04,2017-04-04,0.00806335577894283,0.0061720606534477074,0.5873015873015873,0.5873015873015873
NEE,utilities,last_return,4,2017-01-04,2017-04-04,0.012372987532977026,0.009830317081656915,0.43548387096774194,0.5873015873015873
NEE,utilities,rolling_mean_20,4,2017-01-04,2017-04-04,0.00813868627417385,0.006233432271025841,0.5396825396825397,0.5873015873015873
NEE,utilities,arima_101,4,2017-01-04,2017-04-04,0.008049680461790347,0.006157069144219777,0.5873015873015873,0.5873015873015873
NEE,utilities,lstm,4,2017-01-04,2017-04-04,0.008064743311902767,0.0061532459534744295,0.5873015873015873,0.5873015873015873
NEE,utilities,zero,5,2017-04-05,2017-07-05,0.006145753338973676,0.005180114342719576,,0.6031746031746031
NEE,utilities,train_mean,5,2017-04-05,2017-07-05,0.0060478349987821535,0.005076003904817512,0.6031746031746031,0.6031746031746031
NEE,utilities,last_return,5,2017-04-05,2017-07-05,0.008012598685463494,0.006259198270516274,0.5079365079365079,0.6031746031746031
NEE,utilities,rolling_mean_20,5,2017-04-05,2017-07-05,0.006197508481238947,0.005044425239186876,0.5714285714285714,0.6031746031746031
NEE,utilities,arima_101,5,2017-04-05,2017-07-05,0.006059183327821547,0.0050755285787550345,0.6031746031746031,0.6031746031746031
NEE,utilities,lstm,5,2017-04-05,2017-07-05,0.006040319862466196,0.005105419496913045,0.5714285714285714,0.6031746031746031
NEE,utilities,zero,6,2017-07-06,2017-10-03,0.0066710752568422665,0.0051838784510989284,,0.5873015873015873
NEE,utilities,train_mean,6,2017-07-06,2017-10-03,0.006601597538386447,0.005090253707019555,0.5873015873015873,0.5873015873015873
NEE,utilities,last_return,6,2017-07-06,2017-10-03,0.010802070880203888,0.007999725261529592,0.4126984126984127,0.5873015873015873
NEE,utilities,rolling_mean_20,6,2017-07-06,2017-10-03,0.006852933488699403,0.00525098128102982,0.4603174603174603,0.5873015873015873
NEE,utilities,arima_101,6,2017-07-06,2017-10-03,0.006568805979095979,0.005077978563490251,0.5873015873015873,0.5873015873015873
NEE,utilities,lstm,6,2017-07-06,2017-10-03,0.0065828666180117856,0.0050663307375280785,0.5873015873015873,0.5873015873015873
NEE,utilities,zero,7,2017-10-04,2018-01-03,0.008429663531609805,0.006245568278637907,,0.49206349206349204
NEE,utilities,train_mean,7,2017-10-04,2018-01-03,0.008407421424755705,0.006268199502352315,0.49206349206349204,0.49206349206349204
NEE,utilities,last_return,7,2017-10-04,2018-01-03,0.011463162732815172,0.008433751490250994,0.5079365079365079,0.49206349206349204
NEE,utilities,rolling_mean_20,7,2017-10-04,2018-01-03,0.008605055113709384,0.006541671098698694,0.4444444444444444,0.49206349206349204
NEE,utilities,arima_101,7,2017-10-04,2018-01-03,0.00839881326279712,0.0062676877544394025,0.49206349206349204,0.49206349206349204
NEE,utilities,lstm,7,2017-10-04,2018-01-03,0.00830689524077725,0.006157185185354301,0.5079365079365079,0.49206349206349204
NEE,utilities,zero,8,2018-01-04,2018-04-05,0.012197749955262589,0.00957709395366749,,0.49206349206349204
NEE,utilities,train_mean,8,2018-01-04,2018-04-05,0.012139327864352336,0.00958865609349777,0.49206349206349204,0.49206349206349204
NEE,utilities,last_return,8,2018-01-04,2018-04-05,0.017605285396860147,0.014504195751306242,0.47619047619047616,0.49206349206349204
NEE,utilities,rolling_mean_20,8,2018-01-04,2018-04-05,0.01237023700597655,0.009707660157097116,0.4603174603174603,0.49206349206349204
NEE,utilities,arima_101,8,2018-01-04,2018-04-05,0.012104431041964016,0.009540264828824946,0.5079365079365079,0.49206349206349204
NEE,utilities,lstm,8,2018-01-04,2018-04-05,0.011976723740207662,0.009544269086395558,0.5238095238095238,0.49206349206349204
NEE,utilities,zero,9,2018-04-06,2018-07-05,0.00892904324943112,0.007152611819985889,,0.5238095238095238
NEE,utilities,train_mean,9,2018-04-06,2018-07-05,0.008915196917191049,0.007134492789180888,0.5238095238095238,0.5238095238095238
NEE,utilities,last_return,9,2018-04-06,2018-07-05,0.011874928715464346,0.00953294894262065,0.5714285714285714,0.5238095238095238
NEE,utilities,rolling_mean_20,9,2018-04-06,2018-07-05,0.009082807083443395,0.007349723146875057,0.42857142857142855,0.5238095238095238
NEE,utilities,arima_101,9,2018-04-06,2018-07-05,0.008942566539628593,0.007147358102221676,0.5238095238095238,0.5238095238095238
NEE,utilities,lstm,9,2018-04-06,2018-07-05,0.008847112800362576,0.007166221583982155,0.5873015873015873,0.5238095238095238
NEE,utilities,zero,10,2018-07-06,2018-10-03,0.008585557218284684,0.006545371535331151,,0.5396825396825397
NEE,utilities,train_mean,10,2018-07-06,2018-10-03,0.008611515747021745,0.006510140833581788,0.5396825396825397,0.5396825396825397
NEE,utilities,last_return,10,2018-07-06,2018-10-03,0.012889156867089094,0.00959361580893918,0.49206349206349204,0.5396825396825397
NEE,utilities,rolling_mean_20,10,2018-07-06,2018-10-03,0.008853847876475312,0.0066354815294396635,0.47619047619047616,0.5396825396825397
NEE,utilities,arima_101,10,2018-07-06,2018-10-03,0.008589622195800999,0.006490356254335961,0.5396825396825397,0.5396825396825397
NEE,utilities,lstm,10,2018-07-06,2018-10-03,0.008558833037301273,0.0064592189515345335,0.5396825396825397,0.5396825396825397
NEE,utilities,zero,11,2018-10-04,2019-01-04,0.012271979462311032,0.009337454514450724,,0.6190476190476191
NEE,utilities,train_mean,11,2018-10-04,2019-01-04,0.012263798566803921,0.009180280697528813,0.6190476190476191,0.6190476190476191
NEE,utilities,last_return,11,2018-10-04,2019-01-04,0.01744284711568307,0.013480161359036496,0.5079365079365079,0.6190476190476191
NEE,utilities,rolling_mean_20,11,2018-10-04,2019-01-04,0.012698249120602209,0.009715797157504775,0.47619047619047616,0.6190476190476191
NEE,utilities,arima_101,11,2018-10-04,2019-01-04,0.01223994472248858,0.009157597780491543,0.6190476190476191,0.6190476190476191
NEE,utilities,lstm,11,2018-10-04,2019-01-04,0.012212019500618844,0.009118716115008595,0.6349206349206349,0.6190476190476191
NEE,utilities,zero,12,2019-01-07,2019-04-05,0.0095142607927951,0.00645277089037519,,0.6190476190476191
NEE,utilities,train_mean,12,2019-01-07,2019-04-05,0.009417683694933305,0.00633303362981298,0.6190476190476191,0.6190476190476191
NEE,utilities,last_return,12,2019-01-07,2019-04-05,0.0137956426499303,0.009664476341029534,0.46774193548387094,0.6190476190476191
NEE,utilities,rolling_mean_20,12,2019-01-07,2019-04-05,0.009888694143593073,0.006762262615307839,0.5714285714285714,0.6190476190476191
NEE,utilities,arima_101,12,2019-01-07,2019-04-05,0.009402620420153785,0.006316147156867134,0.6190476190476191,0.6190476190476191
NEE,utilities,lstm,12,2019-01-07,2019-04-05,0.009329435433252698,0.006280980789276546,0.6349206349206349,0.6190476190476191
NEE,utilities,zero,13,2019-04-08,2019-07-08,0.008197572152550427,0.006383108578164554,,0.5873015873015873
NEE,utilities,train_mean,13,2019-04-08,2019-07-08,0.008083577878408667,0.0062706046698604925,0.5873015873015873,0.5873015873015873
NEE,utilities,last_return,13,2019-04-08,2019-07-08,0.010864266956829254,0.008896499143697452,0.49206349206349204,0.5873015873015873
NEE,utilities,rolling_mean_20,13,2019-04-08,2019-07-08,0.008270768054590913,0.006542211272585389,0.4444444444444444,0.5873015873015873
NEE,utilities,arima_101,13,2019-04-08,2019-07-08,0.008094733029663749,0.006252331773099427,0.5873015873015873,0.5873015873015873
NEE,utilities,lstm,13,2019-04-08,2019-07-08,0.00798588165436622,0.006196478194873188,0.6190476190476191,0.5873015873015873
NEE,utilities,zero,14,2019-07-09,2019-10-04,0.009349861589962209,0.007574667555201922,,0.6031746031746031
NEE,utilities,train_mean,14,2019-07-09,2019-10-04,0.009227700855232437,0.007420341131171458,0.6031746031746031,0.6031746031746031
NEE,utilities,last_return,14,2019-07-09,2019-10-04,0.013989979621845686,0.011356552647942473,0.49206349206349204,0.6031746031746031
NEE,utilities,rolling_mean_20,14,2019-07-09,2019-10-04,0.009462272411695219,0.007669197060527563,0.5555555555555556,0.6031746031746031
NEE,utilities,arima_101,14,2019-07-09,2019-10-04,0.009188077987123316,0.007415472317583918,0.6031746031746031,0.6031746031746031
NEE,utilities,lstm,14,2019-07-09,2019-10-04,0.009200789492951847,0.007445350349494713,0.5873015873015873,0.6031746031746031
NEE,utilities,zero,15,2019-10-07,2020-01-06,0.009023750371560297,0.007142050729429584,,0.5873015873015873
NEE,utilities,train_mean,15,2019-10-07,2020-01-06,0.009005128749094487,0.007006585337229834,0.5873015873015873,0.5873015873015873
NEE,utilities,last_return,15,2019-10-07,2020-01-06,0.01223360524565052,0.00994995237311148,0.5555555555555556,0.5873015873015873
NEE,utilities,rolling_mean_20,15,2019-10-07,2020-01-06,0.009184069576324911,0.007216948393549624,0.5079365079365079,0.5873015873015873
NEE,utilities,arima_101,15,2019-10-07,2020-01-06,0.009020695508278274,0.0070265044795903365,0.5873015873015873,0.5873015873015873
NEE,utilities,lstm,15,2019-10-07,2020-01-06,0.008901194260151258,0.00692619446138345,0.5873015873015873,0.5873015873015873
NEE,utilities,zero,16,2020-01-07,2020-04-06,0.04333598139184094,0.028069013565717844,,0.5396825396825397
NEE,utilities,train_mean,16,2020-01-07,2020-04-06,0.04335080447146534,0.028008354887162017,0.5396825396825397,0.5396825396825397
NEE,utilities,last_return,16,2020-01-07,2020-04-06,0.06587946596104721,0.042034637324129494,0.6190476190476191,0.5396825396825397
NEE,utilities,rolling_mean_20,16,2020-01-07,2020-04-06,0.044576050057559526,0.02802669058804451,0.5555555555555556,0.5396825396825397
NEE,utilities,arima_101,16,2020-01-07,2020-04-06,0.043280169077432915,0.028020644472456,0.5396825396825397,0.5396825396825397
NEE,utilities,lstm,16,2020-01-07,2020-04-06,0.043301322717607046,0.028142021658056307,0.4126984126984127,0.5396825396825397
NEE,utilities,zero,17,2020-04-07,2020-07-07,0.020522923389245655,0.01645310966256305,,0.5396825396825397
NEE,utilities,train_mean,17,2020-04-07,2020-07-07,0.020503854786312243,0.01642144454029816,0.5396825396825397,0.5396825396825397
NEE,utilities,last_return,17,2020-04-07,2020-07-07,0.03355397792174712,0.026080720082212357,0.47619047619047616,0.5396825396825397
NEE,utilities,rolling_mean_20,17,2020-04-07,2020-07-07,0.021668392939076308,0.01754948518624609,0.42857142857142855,0.5396825396825397
NEE,utilities,arima_101,17,2020-04-07,2020-07-07,0.020456154015428017,0.01638523011472721,0.5079365079365079,0.5396825396825397
NEE,utilities,lstm,17,2020-04-07,2020-07-07,0.020512270947012374,0.016452953880950725,0.5238095238095238,0.5396825396825397
NEE,utilities,zero,18,2020-07-08,2020-10-05,0.01715525495743905,0.012683924813530666,,0.5079365079365079
NEE,utilities,train_mean,18,2020-07-08,2020-10-05,0.01705816206345729,0.012689488133455053,0.5079365079365079,0.5079365079365079
NEE,utilities,last_return,18,2020-07-08,2020-10-05,0.02748825386049355,0.020315818593919385,0.4126984126984127,0.5079365079365079
NEE,utilities,rolling_mean_20,18,2020-07-08,2020-10-05,0.017634516456872005,0.013417371528392905,0.42857142857142855,0.5079365079365079
NEE,utilities,arima_101,18,2020-07-08,2020-10-05,0.01660128293475157,0.012526670435412564,0.5396825396825397,0.5079365079365079
NEE,utilities,lstm,18,2020-07-08,2020-10-05,0.017047916156304008,0.012570297102112703,0.5714285714285714,0.5079365079365079
NEE,utilities,zero,19,2020-10-06,2021-01-05,0.013182219774801602,0.010662104374488387,,0.5396825396825397
NEE,utilities,train_mean,19,2020-10-06,2021-01-05,0.013165641716800895,0.010596098553170308,0.5396825396825397,0.5396825396825397
NEE,utilities,last_return,19,2020-10-06,2021-01-05,0.02064593964380575,0.016147392336916457,0.3968253968253968,0.5396825396825397
NEE,utilities,rolling_mean_20,19,2020-10-06,2021-01-05,0.013612830880765307,0.010876195127875049,0.4444444444444444,0.5396825396825397
NEE,utilities,arima_101,19,2020-10-06,2021-01-05,0.013092964502214217,0.0105428920661261,0.4603174603174603,0.5396825396825397
NEE,utilities,lstm,19,2020-10-06,2021-01-05,0.013108606602882895,0.010570878918143314,0.5079365079365079,0.5396825396825397
NEE,utilities,zero,20,2021-01-06,2021-04-07,0.019500944240649104,0.014325096106935855,,0.5555555555555556
NEE,utilities,train_mean,20,2021-01-06,2021-04-07,0.019491596088222707,0.014253271908200246,0.5555555555555556,0.5555555555555556
NEE,utilities,last_return,20,2021-01-06,2021-04-07,0.02588035505511435,0.020144729563509774,0.5396825396825397,0.5555555555555556
NEE,utilities,rolling_mean_20,20,2021-01-06,2021-04-07,0.01979624646292305,0.014274269002511851,0.6190476190476191,0.5555555555555556
NEE,utilities,arima_101,20,2021-01-06,2021-04-07,0.019987924946151564,0.014387499939203682,0.4444444444444444,0.5555555555555556
NEE,utilities,lstm,20,2021-01-06,2021-04-07,0.019538884870161602,0.01441982415100974,0.47619047619047616,0.5555555555555556
NEE,utilities,zero,21,2021-04-08,2021-07-07,0.011398310446320116,0.008680397244146142,,0.5396825396825397
NEE,utilities,train_mean,21,2021-04-08,2021-07-07,0.011452864209089343,0.008615235713836607,0.5396825396825397,0.5396825396825397
NEE,utilities,last_return,21,2021-04-08,2021-07-07,0.017055095672313458,0.013171569807415042,0.4444444444444444,0.5396825396825397
NEE,utilities,rolling_mean_20,21,2021-04-08,2021-07-07,0.011946946364476676,0.009088949194908977,0.4603174603174603,0.5396825396825397
NEE,utilities,arima_101,21,2021-04-08,2021-07-07,0.011440287823165802,0.008575054598383668,0.49206349206349204,0.5396825396825397
NEE,utilities,lstm,21,2021-04-08,2021-07-07,0.011489111358608936,0.008498326884532992,0.5555555555555556,0.5396825396825397
NEE,utilities,zero,22,2021-07-08,2021-10-05,0.010237606461707101,0.007645875808025351,,0.5714285714285714
NEE,utilities,train_mean,22,2021-07-08,2021-10-05,0.010196773100814594,0.0075725445820064305,0.5714285714285714,0.5714285714285714
NEE,utilities,last_return,22,2021-07-08,2021-10-05,0.013685687273593471,0.010151072403620214,0.5555555555555556,0.5714285714285714
NEE,utilities,rolling_mean_20,22,2021-07-08,2021-10-05,0.010195797640959329,0.007891157943406345,0.5555555555555556,0.5714285714285714
NEE,utilities,arima_101,22,2021-07-08,2021-10-05,0.010345317941391886,0.007753966681051699,0.5079365079365079,0.5714285714285714
NEE,utilities,lstm,22,2021-07-08,2021-10-05,0.010333896409201878,0.007634639017989709,0.5079365079365079,0.5714285714285714
NEE,utilities,zero,23,2021-10-06,2022-01-04,0.011761972035540635,0.009482820882629906,,0.5714285714285714
NEE,utilities,train_mean,23,2021-10-06,2022-01-04,0.011642572689362784,0.009369885418063688,0.5714285714285714,0.5714285714285714
NEE,utilities,last_return,23,2021-10-06,2022-01-04,0.0181257266858879,0.014053460315980947,0.4126984126984127,0.5714285714285714
NEE,utilities,rolling_mean_20,23,2021-10-06,2022-01-04,0.01211706703160484,0.00959869209894883,0.5238095238095238,0.5714285714285714
NEE,utilities,arima_101,23,2021-10-06,2022-01-04,0.01148490311900861,0.009200326084061423,0.6190476190476191,0.5714285714285714
NEE,utilities,lstm,23,2021-10-06,2022-01-04,0.01153966920970613,0.00917772973791767,0.6349206349206349,0.5714285714285714
NEE,utilities,zero,24,2022-01-05,2022-04-05,0.02173692545895192,0.014288248308881944,,0.47619047619047616
NEE,utilities,train_mean,24,2022-01-05,2022-04-05,0.021779085182385038,0.014327708493053756,0.47619047619047616,0.47619047619047616
NEE,utilities,last_return,24,2022-01-05,2022-04-05,0.028941037951603438,0.020421102996058368,0.5396825396825397,0.47619047619047616
NEE,utilities,rolling_mean_20,24,2022-01-05,2022-04-05,0.021872367337937144,0.014579295450657368,0.5873015873015873,0.47619047619047616
NEE,utilities,arima_101,24,2022-01-05,2022-04-05,0.022003081829906825,0.01425057182647889,0.5396825396825397,0.47619047619047616
NEE,utilities,lstm,24,2022-01-05,2022-04-05,0.021842037124064982,0.014944982250185672,0.4444444444444444,0.47619047619047616
NEE,utilities,zero,25,2022-04-06,2022-07-07,0.021323213819549144,0.016497390050319714,,0.49206349206349204
NEE,utilities,train_mean,25,2022-04-06,2022-07-07,0.021376226876557287,0.016509890803042392,0.49206349206349204,0.49206349206349204
NEE,utilities,last_return,25,2022-04-06,2022-07-07,0.027967301374791618,0.02205758274480715,0.5873015873015873,0.49206349206349204
NEE,utilities,rolling_mean_20,25,2022-04-06,2022-07-07,0.02203514521142918,0.01702813613969058,0.47619047619047616,0.49206349206349204
NEE,utilities,arima_101,25,2022-04-06,2022-07-07,0.021748387106959175,0.016887599802901585,0.38095238095238093,0.49206349206349204
NEE,utilities,lstm,25,2022-04-06,2022-07-07,0.02157038204758698,0.016718222173942174,0.42857142857142855,0.49206349206349204
NEE,utilities,zero,26,2022-07-08,2022-10-05,0.015522260597824652,0.012170672193361287,,0.4603174603174603
NEE,utilities,train_mean,26,2022-07-08,2022-10-05,0.01552324870445423,0.012267992785376783,0.4603174603174603,0.4603174603174603
NEE,utilities,last_return,26,2022-07-08,2022-10-05,0.02120999479439343,0.01686389905916758,0.43548387096774194,0.4603174603174603
NEE,utilities,rolling_mean_20,26,2022-07-08,2022-10-05,0.015774245325778275,0.01247702060527589,0.5396825396825397,0.4603174603174603
NEE,utilities,arima_101,26,2022-07-08,2022-10-05,0.015592670357200793,0.012323202586648695,0.4603174603174603,0.4603174603174603
NEE,utilities,lstm,26,2022-07-08,2022-10-05,0.015678173150849524,0.012463005205967779,0.4444444444444444,0.4603174603174603
NEE,utilities,zero,27,2022-10-06,2023-01-05,0.01895716556592591,0.014135464229921384,,0.5396825396825397
NEE,utilities,train_mean,27,2022-10-06,2023-01-05,0.018961712660319815,0.014108568569171647,0.5396825396825397,0.5396825396825397
NEE,utilities,last_return,27,2022-10-06,2023-01-05,0.02680291473642051,0.02095299506880025,0.41935483870967744,0.5396825396825397
NEE,utilities,rolling_mean_20,27,2022-10-06,2023-01-05,0.01918369478093572,0.014346145064534847,0.5238095238095238,0.5396825396825397
NEE,utilities,arima_101,27,2022-10-06,2023-01-05,0.019016007391481994,0.014132840434802509,0.49206349206349204,0.5396825396825397
NEE,utilities,lstm,27,2022-10-06,2023-01-05,0.018819115249898488,0.014078229025962232,0.5396825396825397,0.5396825396825397
NEE,utilities,zero,28,2023-01-06,2023-04-06,0.017028390877272707,0.011852096992283706,,0.5396825396825397
NEE,utilities,train_mean,28,2023-01-06,2023-04-06,0.017069434853127473,0.011810313458172406,0.5396825396825397,0.5396825396825397
NEE,utilities,last_return,28,2023-01-06,2023-04-06,0.024618844194081214,0.01625016030729006,0.5079365079365079,0.5396825396825397
NEE,utilities,rolling_mean_20,28,2023-01-06,2023-04-06,0.017257696031442032,0.011840669162202947,0.49206349206349204,0.5396825396825397
NEE,utilities,arima_101,28,2023-01-06,2023-04-06,0.01708296620572186,0.011978716929814075,0.49206349206349204,0.5396825396825397
NEE,utilities,lstm,28,2023-01-06,2023-04-06,0.017371712898342984,0.012169216945985278,0.4603174603174603,0.5396825396825397
NEE,utilities,zero,29,2023-04-10,2023-07-10,0.012273748491080892,0.009334706079257238,,0.4444444444444444
NEE,utilities,train_mean,29,2023-04-10,2023-07-10,0.012372188740794487,0.009412439860308075,0.4444444444444444,0.4444444444444444
NEE,utilities,last_return,29,2023-04-10,2023-07-10,0.018878021442814304,0.014641937696244235,0.3548387096774194,0.4444444444444444
NEE,utilities,rolling_mean_20,29,2023-04-10,2023-07-10,0.012695563435345942,0.00956857672960472,0.49206349206349204,0.4444444444444444
NEE,utilities,arima_101,29,2023-04-10,2023-07-10,0.012257118780384036,0.009232046892546633,0.5555555555555556,0.4444444444444444
NEE,utilities,lstm,29,2023-04-10,2023-07-10,0.012448408252855838,0.009539735174025848,0.4603174603174603,0.4444444444444444
TSLA,high_vol,zero,0,2016-01-05,2016-04-05,0.032264916575050165,0.0248788110034418,,0.5873015873015873
TSLA,high_vol,train_mean,0,2016-01-05,2016-04-05,0.03219612240325609,0.02454931255059361,0.5873015873015873,0.5873015873015873
TSLA,high_vol,last_return,0,2016-01-05,2016-04-05,0.04169995312370991,0.03244198247461042,0.5396825396825397,0.5873015873015873
TSLA,high_vol,rolling_mean_20,0,2016-01-05,2016-04-05,0.03207398932586996,0.0242235774554246,0.5873015873015873,0.5873015873015873
TSLA,high_vol,arima_101,0,2016-01-05,2016-04-05,0.032167112356359495,0.02453133631907136,0.5873015873015873,0.5873015873015873
TSLA,high_vol,lstm,0,2016-01-05,2016-04-05,0.03265504137724758,0.024873455000829076,0.5396825396825397,0.5873015873015873
TSLA,high_vol,zero,1,2016-04-06,2016-07-05,0.025222825596676792,0.01794117762824075,,0.47619047619047616
TSLA,high_vol,train_mean,1,2016-04-06,2016-07-05,0.02560479649327709,0.018282970647724942,0.47619047619047616,0.47619047619047616
TSLA,high_vol,last_return,1,2016-04-06,2016-07-05,0.03336608158249468,0.025320063922799202,0.47619047619047616,0.47619047619047616
TSLA,high_vol,rolling_mean_20,1,2016-04-06,2016-07-05,0.02659537378989958,0.019753121372563624,0.4444444444444444,0.47619047619047616
TSLA,high_vol,arima_101,1,2016-04-06,2016-07-05,0.02570709986694931,0.01843757222202519,0.47619047619047616,0.47619047619047616
TSLA,high_vol,lstm,1,2016-04-06,2016-07-05,0.025646875679073467,0.01830649202163948,0.47619047619047616,0.47619047619047616
TSLA,high_vol,zero,2,2016-07-06,2016-10-03,0.016923615425247923,0.01262511764198022,,0.47619047619047616
TSLA,high_vol,train_mean,2,2016-07-06,2016-10-03,0.0170487515820227,0.012755298209772574,0.47619047619047616,0.47619047619047616
TSLA,high_vol,last_return,2,2016-07-06,2016-10-03,0.02321174181126908,0.018618161495087753,0.47619047619047616,0.47619047619047616
TSLA,high_vol,rolling_mean_20,2,2016-07-06,2016-10-03,0.017311791989172636,0.013259119750304062,0.42857142857142855,0.47619047619047616
TSLA,high_vol,arima_101,2,2016-07-06,2016-10-03,0.017030286022148636,0.01279049780908271,0.47619047619047616,0.47619047619047616
TSLA,high_vol,lstm,2,2016-07-06,2016-10-03,0.016776065327590826,0.012646089325089059,0.49206349206349204,0.47619047619047616
TSLA,high_vol,zero,3,2016-10-04,2017-01-03,0.01928156418922013,0.015341226436194271,,0.47619047619047616
TSLA,high_vol,train_mean,3,2016-10-04,2017-01-03,0.019351471450818808,0.015536762376431716,0.47619047619047616,0.47619047619047616
TSLA,high_vol,last_return,3,2016-10-04,2017-01-03,0.027346610338638656,0.02313915741114911,0.5238095238095238,0.47619047619047616
TSLA,high_vol,rolling_mean_20,3,2016-10-04,2017-01-03,0.019590628326903073,0.015700564633595877,0.5396825396825397,0.47619047619047616
TSLA,high_vol,arima_101,3,2016-10-04,2017-01-03,0.01933637801839494,0.015532641107384428,0.47619047619047616,0.47619047619047616
TSLA,high_vol,lstm,3,2016-10-04,2017-01-03,0.01925167828055286,0.015395354499639647,0.4603174603174603,0.47619047619047616
TSLA,high_vol,zero,4,2017-01-04,2017-04-04,0.02205953130098757,0.014937180797836663,,0.5873015873015873
TSLA,high_vol,train_mean,4,2017-01-04,2017-04-04,0.021694538976442915,0.014765848296686028,0.5873015873015873,0.5873015873015873
TSLA,high_vol,last_return,4,2017-01-04,2017-04-04,0.029792660166969638,0.022900404467667626,0.4603174603174603,0.5873015873015873
TSLA,high_vol,rolling_mean_20,4,2017-01-04,2017-04-04,0.02167756713011114,0.01527309845042828,0.5714285714285714,0.5873015873015873
TSLA,high_vol,arima_101,4,2017-01-04,2017-04-04,0.0217137922202008,0.014941200051924149,0.5873015873015873,0.5873015873015873
TSLA,high_vol,lstm,4,2017-01-04,2017-04-04,0.022297634648019708,0.015373585960301098,0.5079365079365079,0.5873015873015873
TSLA,high_vol,zero,5,2017-04-05,2017-07-05,0.023804970662809167,0.01906261635064301,,0.5396825396825397
TSLA,high_vol,train_mean,5,2017-04-05,2017-07-05,0.023790310886659262,0.01890325932204586,0.5396825396825397,0.5396825396825397
TSLA,high_vol,last_return,5,2017-04-05,2017-07-05,0.03223901183842108,0.025710475850907567,0.47619047619047616,0.5396825396825397
TSLA,high_vol,rolling_mean_20,5,2017-04-05,2017-07-05,0.024536844574164572,0.01910102462697047,0.5238095238095238,0.5396825396825397
TSLA,high_vol,arima_101,5,2017-04-05,2017-07-05,0.023793886519142205,0.018978177039886673,0.5396825396825397,0.5396825396825397
TSLA,high_vol,lstm,5,2017-04-05,2017-07-05,0.023849869312660556,0.018961044947544924,0.5396825396825397,0.5396825396825397
TSLA,high_vol,zero,6,2017-07-06,2017-10-03,0.022273931992739367,0.017163666994578466,,0.5238095238095238
TSLA,high_vol,train_mean,6,2017-07-06,2017-10-03,0.022273130358809522,0.01719470755482157,0.5238095238095238,0.5238095238095238
TSLA,high_vol,last_return,6,2017-07-06,2017-10-03,0.030136857509622396,0.025793320233913737,0.4444444444444444,0.5238095238095238
TSLA,high_vol,rolling_mean_20,6,2017-07-06,2017-10-03,0.023263610725074817,0.018094435384346366,0.4444444444444444,0.5238095238095238
TSLA,high_vol,arima_101,6,2017-07-06,2017-10-03,0.0221967742047785,0.017214295676904703,0.5238095238095238,0.5238095238095238
TSLA,high_vol,lstm,6,2017-07-06,2017-10-03,0.02228775301823611,0.017300730160864673,0.5079365079365079,0.5238095238095238
TSLA,high_vol,zero,7,2017-10-04,2018-01-03,0.0209904313629747,0.015987165754509633,,0.4603174603174603
TSLA,high_vol,train_mean,7,2017-10-04,2018-01-03,0.021210479521868986,0.016229904364967237,0.4603174603174603,0.4603174603174603
TSLA,high_vol,last_return,7,2017-10-04,2018-01-03,0.0312769957183026,0.02443369138715793,0.3709677419354839,0.4603174603174603
TSLA,high_vol,rolling_mean_20,7,2017-10-04,2018-01-03,0.021496953201400378,0.016848887852952098,0.4603174603174603,0.4603174603174603
TSLA,high_vol,arima_101,7,2017-10-04,2018-01-03,0.02127206381830368,0.016350603149247474,0.4444444444444444,0.4603174603174603
TSLA,high_vol,lstm,7,2017-10-04,2018-01-03,0.021265159918608487,0.016287529846335587,0.4444444444444444,0.4603174603174603
TSLA,high_vol,zero,8,2018-01-04,2018-04-05,0.03150660784999394,0.023171111498597158,,0.47619047619047616
TSLA,high_vol,train_mean,8,2018-01-04,2018-04-05,0.03158710488928153,0.023254033230100484,0.47619047619047616,0.47619047619047616
TSLA,high_vol,last_return,8,2018-01-04,2018-04-05,0.041242248435918366,0.029867199843797453,0.47619047619047616,0.47619047619047616
TSLA,high_vol,rolling_mean_20,8,2018-01-04,2018-04-05,0.03232103957544768,0.023651665629267304,0.5079365079365079,0.47619047619047616
TSLA,high_vol,arima_101,8,2018-01-04,2018-04-05,0.031498682121918954,0.023250832497404117,0.49206349206349204,0.47619047619047616
TSLA,high_vol,lstm,8,2018-01-04,2018-04-05,0.031618399457176455,0.02330686729535331,0.47619047619047616,0.47619047619047616
TSLA,high_vol,zero,9,2018-04-06,2018-07-05,0.02886710267375484,0.023091685207722815,,0.5079365079365079
TSLA,high_vol,train_mean,9,2018-04-06,2018-07-05,0.028903093749195915,0.023119332518343836,0.5079365079365079,0.5079365079365079
TSLA,high_vol,last_return,9,2018-04-06,2018-07-05,0.04398607815526764,0.03482073992774258,0.4444444444444444,0.5079365079365079
TSLA,high_vol,rolling_mean_20,9,2018-04-06,2018-07-05,0.02993913637659234,0.023313941160107696,0.4603174603174603,0.5079365079365079
TSLA,high_vol,arima_101,9,2018-04-06,2018-07-05,0.029030023499819452,0.023237430439146497,0.49206349206349204,0.5079365079365079
TSLA,high_vol,lstm,9,2018-04-06,2018-07-05,0.030407844762093312,0.024433793878045628,0.38095238095238093,0.5079365079365079
TSLA,high_vol,zero,10,2018-07-06,2018-10-03,0.04533309197475797,0.028643434952474685,,0.3968253968253968
TSLA,high_vol,train_mean,10,2018-07-06,2018-10-03,0.045386107156800456,0.0289921766998118,0.3968253968253968,0.3968253968253968
TSLA,high_vol,last_return,10,2018-07-06,2018-10-03,0.07251186723488595,0.046733633705576115,0.49206349206349204,0.3968253968253968
TSLA,high_vol,rolling_mean_20,10,2018-07-06,2018-10-03,0.04661594777598571,0.029890818419630562,0.42857142857142855,0.3968253968253968
TSLA,high_vol,arima_101,10,2018-07-06,2018-10-03,0.04571052560385833,0.02927233254702804,0.3492063492063492,0.3968253968253968
TSLA,high_vol,lstm,10,2018-07-06,2018-10-03,0.045585049211013015,0.029029992956154275,0.3492063492063492,0.3968253968253968
TSLA,high_vol,zero,11,2018-10-04,2019-01-04,0.039009154674880545,0.029508219982869798,,0.49206349206349204
TSLA,high_vol,train_mean,11,2018-10-04,2019-01-04,0.038992073182873635,0.02953145128748225,0.49206349206349204,0.49206349206349204
TSLA,high_vol,last_return,11,2018-10-04,2019-01-04,0.05670158592562931,0.04208281194738601,0.5079365079365079,0.49206349206349204
TSLA,high_vol,rolling_mean_20,11,2018-10-04,2019-01-04,0.04072991812476641,0.03027834679717893,0.5555555555555556,0.49206349206349204
TSLA,high_vol,arima_101,11,2018-10-04,2019-01-04,0.03899204700813682,0.02953140487042625,0.49206349206349204,0.49206349206349204
TSLA,high_vol,lstm,11,2018-10-04,2019-01-04,0.039055867366360464,0.029497014338174078,0.5079365079365079,0.49206349206349204
TSLA,high_vol,zero,12,2019-01-07,2019-04-05,0.0320282072876839,0.02228032010793046,,0.5555555555555556
TSLA,high_vol,train_mean,12,2019-01-07,2019-04-05,0.03216478184673527,0.02213403941770781,0.5555555555555556,0.5555555555555556
TSLA,high_vol,last_return,12,2019-01-07,2019-04-05,0.044431754141076876,0.032622466639853034,0.5555555555555556,0.5555555555555556
TSLA,high_vol,rolling_mean_20,12,2019-01-07,2019-04-05,0.03301686690454823,0.023227636114626943,0.42857142857142855,0.5555555555555556
TSLA,high_vol,arima_101,12,2019-01-07,2019-04-05,0.032181858795967314,0.022178429805712892,0.5555555555555556,0.5555555555555556
TSLA,high_vol,lstm,12,2019-01-07,2019-04-05,0.03216763010162179,0.022127130769489377,0.5714285714285714,0.5555555555555556
TSLA,high_vol,zero,13,2019-04-08,2019-07-08,0.028351128976155878,0.021462599364096818,,0.4126984126984127
TSLA,high_vol,train_mean,13,2019-04-08,2019-07-08,0.028509693780388295,0.021692753505732756,0.4126984126984127,0.4126984126984127
TSLA,high_vol,last_return,13,2019-04-08,2019-07-08,0.03985901471891371,0.03263455062240037,0.47619047619047616,0.4126984126984127
TSLA,high_vol,rolling_mean_20,13,2019-04-08,2019-07-08,0.02928751073053106,0.021505409710155927,0.5555555555555556,0.4126984126984127
TSLA,high_vol,arima_101,13,2019-04-08,2019-07-08,0.028506564213715217,0.021676076604823156,0.4126984126984127,0.4126984126984127
TSLA,high_vol,lstm,13,2019-04-08,2019-07-08,0.030347351128228076,0.023817774097299863,0.4126984126984127,0.4126984126984127
TSLA,high_vol,zero,14,2019-07-09,2019-10-04,0.031018860425341955,0.02098299250574124,,0.49206349206349204
TSLA,high_vol,train_mean,14,2019-07-09,2019-10-04,0.031037189276979602,0.021001152237913486,0.49206349206349204,0.49206349206349204
TSLA,high_vol,last_return,14,2019-07-09,2019-10-04,0.04526837775276267,0.03375896252639599,0.36507936507936506,0.49206349206349204
TSLA,high_vol,rolling_mean_20,14,2019-07-09,2019-10-04,0.03215198076256864,0.02192958082798898,0.4444444444444444,0.49206349206349204
TSLA,high_vol,arima_101,14,2019-07-09,2019-10-04,0.031030108355841073,0.020982508006083308,0.49206349206349204,0.49206349206349204
TSLA,high_vol,lstm,14,2019-07-09,2019-10-04,0.031032564760154313,0.020979381431040608,0.49206349206349204,0.49206349206349204
TSLA,high_vol,zero,15,2019-10-07,2020-01-06,0.03114778364282126,0.019401883569844885,,0.6666666666666666
TSLA,high_vol,train_mean,15,2019-10-07,2020-01-06,0.030789105718443323,0.01904153932913202,0.6666666666666666,0.6666666666666666
TSLA,high_vol,last_return,15,2019-10-07,2020-01-06,0.037366221217239336,0.02616024721925336,0.5396825396825397,0.6666666666666666
TSLA,high_vol,rolling_mean_20,15,2019-10-07,2020-01-06,0.03070596403604181,0.019245979538744386,0.6349206349206349,0.6666666666666666
TSLA,high_vol,arima_101,15,2019-10-07,2020-01-06,0.030835196952081013,0.019047168092421383,0.6507936507936508,0.6666666666666666
TSLA,high_vol,lstm,15,2019-10-07,2020-01-06,0.030789784545476005,0.019013366245085577,0.6190476190476191,0.6666666666666666
TSLA,high_vol,zero,16,2020-01-07,2020-04-06,0.07611601712342761,0.05395221018234701,,0.49206349206349204
TSLA,high_vol,train_mean,16,2020-01-07,2020-04-06,0.07608938688992484,0.053975129619554855,0.49206349206349204,0.49206349206349204
TSLA,high_vol,last_return,16,2020-01-07,2020-04-06,0.1041095253776173,0.07593600004447137,0.5555555555555556,0.49206349206349204
TSLA,high_vol,rolling_mean_20,16,2020-01-07,2020-04-06,0.07797497741530299,0.055548272545539075,0.5873015873015873,0.49206349206349204
TSLA,high_vol,arima_101,16,2020-01-07,2020-04-06,0.07607979141584946,0.05395271278420848,0.49206349206349204,0.49206349206349204
TSLA,high_vol,lstm,16,2020-01-07,2020-04-06,0.07590082625204488,0.05376625538556028,0.5555555555555556,0.49206349206349204
TSLA,high_vol,zero,17,2020-04-07,2020-07-07,0.047413963239943395,0.035093833951020004,,0.6190476190476191
TSLA,high_vol,train_mean,17,2020-04-07,2020-07-07,0.046947844329851454,0.03474444636386332,0.6190476190476191,0.6190476190476191
TSLA,high_vol,last_return,17,2020-04-07,2020-07-07,0.06341408337301606,0.04964504934850874,0.42857142857142855,0.6190476190476191
TSLA,high_vol,rolling_mean_20,17,2020-04-07,2020-07-07,0.04760124936476446,0.0357685034184032,0.5714285714285714,0.6190476190476191
TSLA,high_vol,arima_101,17,2020-04-07,2020-07-07,0.046761204080904575,0.03462317723417943,0.6190476190476191,0.6190476190476191
TSLA,high_vol,lstm,17,2020-04-07,2020-07-07,0.046799093130871126,0.03468076834460087,0.6031746031746031,0.6190476190476191
TSLA,high_vol,zero,18,2020-07-08,2020-10-05,0.06077307859217337,0.04464659604049922,,0.5873015873015873
TSLA,high_vol,train_mean,18,2020-07-08,2020-10-05,0.06058762080966461,0.044383801834772,0.5873015873015873,0.5873015873015873
TSLA,high_vol,last_return,18,2020-07-08,2020-10-05,0.0907151740490841,0.06748652348410188,0.42857142857142855,0.5873015873015873
TSLA,high_vol,rolling_mean_20,18,2020-07-08,2020-10-05,0.06322855297588921,0.04668209990424054,0.5396825396825397,0.5873015873015873
TSLA,high_vol,arima_101,18,2020-07-08,2020-10-05,0.06072915224415151,0.04452910100395491,0.5555555555555556,0.5873015873015873
TSLA,high_vol,lstm,18,2020-07-08,2020-10-05,0.06070304684848151,0.04465670996397778,0.5238095238095238,0.5873015873015873
TSLA,high_vol,zero,19,2020-10-06,2021-01-05,0.03544861755176024,0.028162048485196774,,0.6031746031746031
TSLA,high_vol,train_mean,19,2020-10-06,2021-01-05,0.034994536854013845,0.027763453989872615,0.6031746031746031,0.6031746031746031
TSLA,high_vol,last_return,19,2020-10-06,2021-01-05,0.04851736493162863,0.03851692342097957,0.5238095238095238,0.6031746031746031
TSLA,high_vol,rolling_mean_20,19,2020-10-06,2021-01-05,0.03510955155869038,0.02683558446828045,0.5873015873015873,0.6031746031746031
TSLA,high_vol,arima_101,19,2020-10-06,2021-01-05,0.03498890582583736,0.027756113954319442,0.6031746031746031,0.6031746031746031
TSLA,high_vol,lstm,19,2020-10-06,2021-01-05,0.03493068194108925,0.027212448935055575,0.6507936507936508,0.6031746031746031
TSLA,high_vol,zero,20,2021-01-06,2021-04-07,0.04501785245142288,0.03350548161391051,,0.47619047619047616
TSLA,high_vol,train_mean,20,2021-01-06,2021-04-07,0.04515074099144808,0.03367332642915343,0.47619047619047616,0.47619047619047616
TSLA,high_vol,last_return,20,2021-01-06,2021-04-07,0.06747633210379904,0.04920973808600896,0.4444444444444444,0.47619047619047616
TSLA,high_vol,rolling_mean_20,20,2021-01-06,2021-04-07,0.046403680729884045,0.03416404017974258,0.5873015873015873,0.47619047619047616
TSLA,high_vol,arima_101,20,2021-01-06,2021-04-07,0.045182715469676435,0.03370410876624154,0.47619047619047616,0.47619047619047616
TSLA,high_vol,lstm,20,2021-01-06,2021-04-07,0.04510822931170124,0.03364278070184311,0.4126984126984127,0.47619047619047616
TSLA,high_vol,zero,21,2021-04-08,2021-07-07,0.028152748401634117,0.02206527415817283,,0.4603174603174603
TSLA,high_vol,train_mean,21,2021-04-08,2021-07-07,0.028286998839659308,0.0223046404659755,0.4603174603174603,0.4603174603174603
TSLA,high_vol,last_return,21,2021-04-08,2021-07-07,0.04184024808747926,0.03375320436716679,0.3968253968253968,0.4603174603174603
TSLA,high_vol,rolling_mean_20,21,2021-04-08,2021-07-07,0.029384815646056665,0.0227480501036079,0.5396825396825397,0.4603174603174603
TSLA,high_vol,arima_101,21,2021-04-08,2021-07-07,0.028286757031181185,0.02230421773120435,0.4603174603174603,0.4603174603174603
TSLA,high_vol,lstm,21,2021-04-08,2021-07-07,0.028337477490601982,0.022245837937299978,0.49206349206349204,0.4603174603174603
TSLA,high_vol,zero,22,2021-07-08,2021-10-05,0.018805456048757496,0.014233630570749686,,0.6190476190476191
TSLA,high_vol,train_mean,22,2021-07-08,2021-10-05,0.01858188600580148,0.013899242309604994,0.6190476190476191,0.6190476190476191
TSLA,high_vol,last_return,22,2021-07-08,2021-10-05,0.02704695590703546,0.02153365817460901,0.5555555555555556,0.6190476190476191
TSLA,high_vol,rolling_mean_20,22,2021-07-08,2021-10-05,0.019396440443932426,0.014500698478701972,0.5873015873015873,0.6190476190476191
TSLA,high_vol,arima_101,22,2021-07-08,2021-10-05,0.018582006924183287,0.013899275277121344,0.6190476190476191,0.6190476190476191
TSLA,high_vol,lstm,22,2021-07-08,2021-10-05,0.018714860199558727,0.014043388274204533,0.6190476190476191,0.6190476190476191
TSLA,high_vol,zero,23,2021-10-06,2022-01-04,0.04183677013939848,0.030789951528868993,,0.5873015873015873
TSLA,high_vol,train_mean,23,2021-10-06,2022-01-04,0.0415770341795399,0.030429044901597542,0.5873015873015873,0.5873015873015873
TSLA,high_vol,last_return,23,2021-10-06,2022-01-04,0.05803719415600353,0.043857811825711863,0.5238095238095238,0.5873015873015873
TSLA,high_vol,rolling_mean_20,23,2021-10-06,2022-01-04,0.04289129717413082,0.030747877452050532,0.6031746031746031,0.5873015873015873
TSLA,high_vol,arima_101,23,2021-10-06,2022-01-04,0.04157727348768661,0.030429392457827605,0.5873015873015873,0.5873015873015873
TSLA,high_vol,lstm,23,2021-10-06,2022-01-04,0.04157431496221875,0.030480220299099168,0.5714285714285714,0.5873015873015873
TSLA,high_vol,zero,24,2022-01-05,2022-04-05,0.04121654864936066,0.03279934022392061,,0.5079365079365079
TSLA,high_vol,train_mean,24,2022-01-05,2022-04-05,0.04132255262760264,0.03285344666564267,0.5079365079365079,0.5079365079365079
TSLA,high_vol,last_return,24,2022-01-05,2022-04-05,0.056676149418452254,0.04563055925575691,0.5555555555555556,0.5079365079365079
TSLA,high_vol,rolling_mean_20,24,2022-01-05,2022-04-05,0.04201150224559879,0.03358271332586194,0.5238095238095238,0.5079365079365079
TSLA,high_vol,arima_101,24,2022-01-05,2022-04-05,0.04132237429808264,0.03285333235078415,0.5079365079365079,0.5079365079365079
TSLA,high_vol,lstm,24,2022-01-05,2022-04-05,0.0412786396902607,0.03278937794445901,0.47619047619047616,0.5079365079365079
TSLA,high_vol,zero,25,2022-04-06,2022-07-07,0.04742454361521462,0.03651980433968324,,0.4603174603174603
TSLA,high_vol,train_mean,25,2022-04-06,2022-07-07,0.04775992519509763,0.036691368594119735,0.4603174603174603,0.4603174603174603
TSLA,high_vol,last_return,25,2022-04-06,2022-07-07,0.0722557416210382,0.059565327420598405,0.4444444444444444,0.4603174603174603
TSLA,high_vol,rolling_mean_20,25,2022-04-06,2022-07-07,0.048464687380892296,0.038344524391912965,0.47619047619047616,0.4603174603174603
TSLA,high_vol,arima_101,25,2022-04-06,2022-07-07,0.0477595035696726,0.036691186636550785,0.4603174603174603,0.4603174603174603
TSLA,high_vol,lstm,25,2022-04-06,2022-07-07,0.04772742925707017,0.036863955177656525,0.4444444444444444,0.4603174603174603
TSLA,high_vol,zero,26,2022-07-08,2022-10-05,0.03235709677815817,0.024321057308739485,,0.5555555555555556
TSLA,high_vol,train_mean,26,2022-07-08,2022-10-05,0.03242974301229545,0.024153641063667783,0.5555555555555556,0.5555555555555556
TSLA,high_vol,last_return,26,2022-07-08,2022-10-05,0.04581592044220552,0.03547420461725046,0.6031746031746031,0.5555555555555556
TSLA,high_vol,rolling_mean_20,26,2022-07-08,2022-10-05,0.03258558084947661,0.02466506208268241,0.5555555555555556,0.5555555555555556
TSLA,high_vol,arima_101,26,2022-07-08,2022-10-05,0.032408469940942645,0.024177089847028373,0.5555555555555556,0.5555555555555556
TSLA,high_vol,lstm,26,2022-07-08,2022-10-05,0.03235894652052945,0.024161050572048627,0.5555555555555556,0.5555555555555556
TSLA,high_vol,zero,27,2022-10-06,2023-01-05,0.04695102961909379,0.03482246483030675,,0.4126984126984127
TSLA,high_vol,train_mean,27,2022-10-06,2023-01-05,0.04748260020287534,0.03526611769854275,0.4126984126984127,0.4126984126984127
TSLA,high_vol,last_return,27,2022-10-06,2023-01-05,0.06891454166179024,0.05624673890323177,0.5,0.4126984126984127
TSLA,high_vol,rolling_mean_20,27,2022-10-06,2023-01-05,0.04693477973254634,0.03628525131631786,0.5714285714285714,0.4126984126984127
TSLA,high_vol,arima_101,27,2022-10-06,2023-01-05,0.0474350103275614,0.035214404407944135,0.4126984126984127,0.4126984126984127
TSLA,high_vol,lstm,27,2022-10-06,2023-01-05,0.04868745411876208,0.035519889043899765,0.42857142857142855,0.4126984126984127
TSLA,high_vol,zero,28,2023-01-06,2023-04-06,0.04041399152389869,0.03182350291843746,,0.5873015873015873
TSLA,high_vol,train_mean,28,2023-01-06,2023-04-06,0.04013184983327175,0.03157457099541148,0.5873015873015873,0.5873015873015873
TSLA,high_vol,last_return,28,2023-01-06,2023-04-06,0.05829705863438663,0.0467044261225024,0.49206349206349204,0.5873015873015873
TSLA,high_vol,rolling_mean_20,28,2023-01-06,2023-04-06,0.042906350893783855,0.032606525680888565,0.47619047619047616,0.5873015873015873
TSLA,high_vol,arima_101,28,2023-01-06,2023-04-06,0.04013928674169094,0.03159340293809633,0.5873015873015873,0.5873015873015873
TSLA,high_vol,lstm,28,2023-01-06,2023-04-06,0.03991844820469374,0.03119918683049957,0.5238095238095238,0.5873015873015873
TSLA,high_vol,zero,29,2023-04-10,2023-07-10,0.03050554311468069,0.02398246837181002,,0.6031746031746031
TSLA,high_vol,train_mean,29,2023-04-10,2023-07-10,0.030220236557875726,0.023655106688649813,0.6031746031746031,0.6031746031746031
TSLA,high_vol,last_return,29,2023-04-10,2023-07-10,0.04019472253689698,0.029891347464712097,0.6190476190476191,0.6031746031746031
TSLA,high_vol,rolling_mean_20,29,2023-04-10,2023-07-10,0.030282525339641753,0.022272833641355835,0.5714285714285714,0.6031746031746031
TSLA,high_vol,arima_101,29,2023-04-10,2023-07-10,0.030187000717350632,0.023620359741219732,0.6031746031746031,0.6031746031746031
TSLA,high_vol,lstm,29,2023-04-10,2023-07-10,0.02968184420498875,0.02291871184983857,0.6349206349206349,0.6031746031746031
